0.1,,,,,,,,,,,,,,,,,,,90780.22656
0.2,,,,,,,,,,,,,,,,,,,90742.07031
0.3,,,,,,,,,,,,,,,,,,,90628.28906
0.4,,,,,,,,,,,,,,,,,,,90736.1875
0.5,,,,,,,,,,,,,,,,,,,90659.75781
0.6,,,,,,,,,,,,,,,,,,,90599.10156
0.7,,,,,,,,,,,,,,,,,,,90837.10156
0.8,,,,,,,,,,,,,,,,,,,90723.90625
0.9,,,,,,,,,,,,,,,,,,,90760.10156
1,,,,,,,,,,,,,,,,,,,90860.20313
1.1,,,,,,,,,,,,,,,,,,,90773.42969
1.2,,,,,,,,,,,,,,,,,,,90831.92188
1.3,,,,,,,,,,,,,,,,,,,90700.3125
1.4,,,,,,,,,,,,,,,,,,,90761.96875
1.5,,,,,,,,,,,,,,,,,,,90800.21094
1.6,,,,,,,,,,,,,,,,,,,90833.54688
1.7,,,,,,,,,,,,,,,,,,,90717.46094
1.8,,,,,,,,,,,,,,,,,,,90750.11719
1.9,,,,,,,,,,,,,,,,,,,90506.64844
2,,,,,,,,,,,,,,,,,,,90759.07031
2.1,,,,,,,,,,,,,,,,,,,90635.10156
2.2,,,,,,,,,,,,,,,,,,,90859.36719
2.3,,,,,,,,,,,,,,,,,,,90639.44531
2.4,,,,,,,,,,,,,,,,,,,90709.42188
2.5,,,,,,,,,,,,,,,,,,,90723.88281
2.6,,,,,,,,,,,,,,,,,,,90681.32813
2.7,,,,,,,,,,,,,,,,,,,90656.63281
2.8,,,,,,,,,,,,,,,,,,,90593.38281
2.9,,,,,,,,,,,,,,,,,,,90587.21094
3,,,,,,,,,,,,,,,,,,,90640.41406
3.1,,,,,,,,,,,,,,,,,,,90605.32813
3.2,,,,,,,,,,,,,,,,,,,90599.25
3.3,,,,,,,,,,,,,,,,,,,90769.07031
3.4,,,,,,,,,,,,,,,,,,,90558.85156
3.5,,,,,,,,,,,,,,,,,,,90755.42969
3.6,,,,,,,,,,,,,,,,,,,90718.32813
3.7,,,,,,,,,,,,,,,,,,,90600.88281
3.8,,,,,,,,,,,,,,,,,,,90700.80469
3.9,,,,,,,,,,,,,,,,,,,90691.90625
4,,,,,,,,,,,,,,,,,,,90462.34375
4.1,,,,,,,,,,,,,,,,,,,90528.86719
4.2,,,,,,,,,,,,,,,,,,,90565.38281
4.3,,,,,,,,,,,,,,,,,,,90517.22656
4.4,,,,,,,,,,,,,,,,,,,90688.28906
4.5,,,,,,,,,,,,,,,,,,,90563.69531
4.6,,,,,,,,,,,,,,,,,,,90678.27344
4.7,,,,,,,,,,,,,,,,,,,90683.22656
4.8,,,,,,,,,,,,,,,,,,,90673.05469
4.9,,,,,,,,,,,,,,,,,,,90743.40625
5,,,,,,,,,,,,,,,,,,,90561.44531
5.1,,,,,,,,,,,,,,,,,,,90839.60156
5.2,,,,,,,,,,,,,,,,,,,90786.39063
5.3,,,,,,,,,,,,,,,,,,,90645.38281
5.4,,,,,,,,,,,,,,,,,,,90560.46875
5.5,,,,,,,,,,,,,,,,,,,90668.875
5.6,,,,,,,,,,,,,,,,,,,90578.92969
5.7,,,,,,,,,,,,,,,,,,,90754.78906
5.8,,,,,,,,,,,,,,,,,,,90583.69531
5.9,,,,,,,,,,,,,,,,,,,90736.64844
6,,,,,,,,,,,,,,,,,,,90692.75781
6.1,,,,,,,,,,,,,,,,,,,90532.73438
6.2,,,,,,,,,,,,,,,,,,,90680.51563
6.3,,,,,,,,,,,,,,,,,,,90677.33594
6.4,,,,,,,,,,,,,,,,,,,90790.05469
6.5,,,,,,,,,,,,,,,,,,,90688.48438
6.6,,,,,,,,,,,,,,,,,,,90652.10938
6.7,,,,,,,,,,,,,,,,,,,90488.04688
6.8,,,,,,,,,,,,,,,,,,,90734.10938
6.9,,,,,,,,,,,,,,,,,,,90595.75781
7,,,,,,,,,,,,,,,,,,,90682.32813
7.1,,,,,,,,,,,,,,,,,,,90729.8125
7.2,,,,,,,,,,,,,,,,,,,90767.48438
7.3,,,,,,,,,,,,,,,,,,,90540.82813
7.4,,,,,,,,,,,,,,,,,,,90615.14063
7.5,,,,,,,,,,,,,,,,,,,90505.01563
7.6,,,,,,,,,,,,,,,,,,,90594.23438
7.7,,,,,,,,,,,,,,,,,,,90581.17969
7.8,,,,,,,,,,,,,,,,,,,90687.30469
7.9,,,,,,,,,,,,,,,,,,,90742.91406
8,,,,,,,,,,,,,,,,,,,90748.85938
8.1,,,,,,,,,,,,,,,,,,,90754.80469
8.2,,,,,,,,,,,,,,,,,,,90587.3125
8.3,,,,,,,,,,,,,,,,,,,90419.82031
8.4,,,,,,,,,,,,,,,,,,,90524.64844
8.5,,,,,,,,,,,,,,,,,,,90629.46875
8.6,,,,,,,,,,,,,,,,,,,233001
8.7,,,,,,,,,,,,,,,,,,,234831.6875
8.8,,,,,,,,,,,,,,,,,,,234667.4219
8.9,,,,,,,,,,,,,,,,,,,234914.8281
9,,,,,,,,,,,,,,,,,,,234861.8438
9.1,,,,,,,,,,,,,,,,,,,234693.3906
9.2,,,,,,,,,,,,,,,,,,,234738.8438
9.3,,,,,,,,,,,,,,,,,,,234607.9375
9.4,,,,,,,,,,,,,,,,,,,234718.6094
9.5,,,,,,,,,,,,,,,,,,,234687.9688
9.6,,,,,,,,,,,,,,,,,,,234535.875
9.7,,,,,,,,,,,,,,,,,,,234583.2969
9.8,,,,,,,,,,,,,,,,,,,234562.8906
9.9,,,,,,,,,,,,,,,,,,,234566.9844
10,,,,,,,,,,,,,,,,,,,234441.7031
10.1,,,,,,,,,,,,,,,,,,,234536.6875
10.2,,,,,,,,,,,,,,,,,,,234561.5313
10.3,,,,,,,,,,,,,,,,,,,234623.5
10.4,,,,,,,,,,,,,,,,,,,234411.8594
10.5,,,,,,,,,,,,,,,,,,,234462.9688
10.6,,,,,,,,,,,,,,,,,,,234516.7656
10.7,,,,,,,,,,,,,,,,,,,234468.0469
10.8,,,,,,,,,,,,,,,,,,,234649.7656
10.9,,,,,,,,,,,,,,,,,,,234664.7344
11,,,,,,,,,,,,,,,,,,,234590.5625
11.1,,,,,,,,,,,,,,,,,,,234656.0313
11.2,,,,,,,,,,,,,,,,,,,234461.0938
11.3,,,,,,,,,,,,,,,,,,,234495.4844
11.4,,,,,,,,,,,,,,,,,,,234534.5625
11.5,,,,,,,,,,,,,,,,,,,234523.4688
11.6,,,,,,,,,,,,,,,,,,,234455.875
11.7,,,,,,,,,,,,,,,,,,,234389.875
11.8,,,,,,,,,,,,,,,,,,,234607.4844
11.9,,,,,,,,,,,,,,,,,,,234516.5
12,,,,,,,,,,,,,,,,,,,234456.7344
12.1,,,,,,,,,,,,,,,,,,,234563.1406
12.2,,,,,,,,,,,,,,,,,,,234579.3281
12.3,,,,,,,,,,,,,,,,,,,234523.9844
12.4,,,,,,,,,,,,,,,,,,,234672.1563
12.5,,,,,,,,,,,,,,,,,,,234505.1406
12.6,,,,,,,,,,,,,,,,,,,234470.8906
12.7,,,,,,,,,,,,,,,,,,,234590
12.8,,,,,,,,,,,,,,,,,,,234553.0625
12.9,,,,,,,,,,,,,,,,,,,234456.2344
13,,,,,,,,,,,,,,,,,,,234454.8125
13.1,,,,,,,,,,,,,,,,,,,234491.4688
13.2,,,,,,,,,,,,,,,,,,,234748.0156
13.3,,,,,,,,,,,,,,,,,,,234697.5156
13.4,,,,,,,,,,,,,,,,,,,234461.6406
13.5,,,,,,,,,,,,,,,,,,,234569.0156
13.6,,,,,,,,,,,,,,,,,,,234454.3125
13.7,,,,,,,,,,,,,,,,,,,234686.0625
13.8,,,,,,,,,,,,,,,,,,,234666.5156
13.9,,,,,,,,,,,,,,,,,,,234544.2344
14,,,,,,,,,,,,,,,,,,,234603.8594
14.1,,,,,,,,,,,,,,,,,,,234520.1875
14.2,,,,,,,,,,,,,,,,,,,234557.4531
14.3,,,,,,,,,,,,,,,,,,,234502.0781
14.4,,,,,,,,,,,,,,,,,,,234650.2188
14.5,,,,,,,,,,,,,,,,,,,234420
14.6,,,,,,,,,,,,,,,,,,,234585.7969
14.7,,,,,,,,,,,,,,,,,,,234546.8281
14.8,,,,,,,,,,,,,,,,,,,234793.0469
14.9,,,,,,,,,,,,,,,,,,,234625.8594
15,,,,,,,,,,,,,,,,,,,234632.1094
15.1,,,,,,,,,,,,,,,,,,,234488.8438
15.2,,,,,,,,,,,,,,,,,,,234648.4375
15.3,,,,,,,,,,,,,,,,,,,234578.125
15.4,,,,,,,,,,,,,,,,,,,234558.2656
15.5,,,,,,,,,,,,,,,,,,,234758.5625
15.6,,,,,,,,,,,,,,,,,,,234708.25
15.7,,,,,,,,,,,,,,,,,,,234657.9375
15.8,,,,,,,,,,,,,,,,,,,234868.3438
15.9,,,,,,,,,,,,,,,,,,,234666.0469
16,,,,,,,,,,,,,,,,,,,234891.9219
16.1,,,,,,,,,,,,,,,,,,,234881.4063
16.2,,,,,,,,,,,,,,,,,,,234828.0938
16.3,,,,,,,,,,,,,,,,,,,234851.5
16.4,,,,,,,,,,,,,,,,,,,234767.0469
16.5,,,,,,,,,,,,,,,,,,,235064.5938
16.6,,,,,,,,,,,,,,,,,,,234709.7188
16.7,,,,,,,,,,,,,,,,,,,234887
16.8,,,,,,,,,,,,,,,,,,,234841.25
16.9,,,,,,,,,,,,,,,,,,,234989.8906
17,,,,,,,,,,,,,,,,,,,234941.9063
17.1,,,,,,,,,,,,,,,,,,,234916.8125
17.2,,,,,,,,,,,,,,,,,,,234953.9844
17.3,,,,,,,,,,,,,,,,,,,234959.2031
17.4,,,,,,,,,,,,,,,,,,,234762.5156
17.5,,,,,,,,,,,,,,,,,,,234924.3125
17.6,,,,,,,,,,,,,,,,,,,235086.1094
17.7,,,,,,,,,,,,,,,,,,,234976.9375
17.8,,,,,,,,,,,,,,,,,,,234867.7813
17.9,,,,,,,,,,,,,,,,,,,234867.6563
18,,,,,,,,,,,,,,,,,,,234867.5313
18.1,,,,,,,,,,,,,,,,,,,234867.4063
18.2,,,,,,,,,,,,,,,,,,,379134.0625
18.3,,,,,,,,,,,,,,,,,,,381612.9063
18.4,,,,,,,,,,,,,,,,,,,381274.0625
18.5,,,,,,,,,,,,,,,,,,,381401.9375
18.6,,,,,,,,,,,,,,,,,,,381501.625
18.7,,,,,,,,,,,,,,,,,,,381359.75
18.8,,,,,,,,,,,,,,,,,,,381521.7813
18.9,,,,,,,,,,,,,,,,,,,381561.6875
19,,,,,,,,,,,,,,,,,,,381312.0625
19.1,,,,,,,,,,,,,,,,,,,381353.4375
19.2,,,,,,,,,,,,,,,,,,,381264.1875
19.3,,,,,,,,,,,,,,,,,,,381227.6875
19.4,,,,,,,,,,,,,,,,,,,381377.9375
19.5,,,,,,,,,,,,,,,,,,,381235.7813
19.6,,,,,,,,,,,,,,,,,,,381225.9375
19.7,,,,,,,,,,,,,,,,,,,381249.4375
19.8,,,,,,,,,,,,,,,,,,,381231.9375
19.9,,,,,,,,,,,,,,,,,,,381181.8438
20,,,,,,,,,,,,,,,,,,,381209.5
20.1,,,,,,,,,,,,,,,,,,,381052.5625
20.2,,,,,,,,,,,,,,,,,,,381092.6563
20.3,,,,,,,,,,,,,,,,,,,381302.6563
20.4,,,,,,,,,,,,,,,,,,,380962.2813
20.5,,,,,,,,,,,,,,,,,,,381035.625
20.6,,,,,,,,,,,,,,,,,,,381154.0938
20.7,,,,,,,,,,,,,,,,,,,381081.1875
20.8,,,,,,,,,,,,,,,,,,,381292.6563
20.9,,,,,,,,,,,,,,,,,,,381040.6563
21,,,,,,,,,,,,,,,,,,,380929.5625
21.1,,,,,,,,,,,,,,,,,,,381078.0313
21.2,,,,,,,,,,,,,,,,,,,381137.625
21.3,,,,,,,,,,,,,,,,,,,381028.125
21.4,,,,,,,,,,,,,,,,,,,381051.625
21.5,,,,,,,,,,,,,,,,,,,381123.7813
21.6,,,,,,,,,,,,,,,,,,,380946.7813
21.7,,,,,,,,,,,,,,,,,,,380979.5313
21.8,,,,,,,,,,,,,,,,,,,381160.75
21.9,,,,,,,,,,,,,,,,,,,381145.2188
22,,,,,,,,,,,,,,,,,,,381052.8438
22.1,,,,,,,,,,,,,,,,,,,381041.0938
22.2,,,,,,,,,,,,,,,,,,,381233.625
22.3,,,,,,,,,,,,,,,,,,,381326.5625
22.4,,,,,,,,,,,,,,,,,,,381320.0313
22.5,,,,,,,,,,,,,,,,,,,381113.4375
22.6,,,,,,,,,,,,,,,,,,,381213.3125
22.7,,,,,,,,,,,,,,,,,,,381347.0938
22.8,,,,,,,,,,,,,,,,,,,381220.6563
22.9,,,,,,,,,,,,,,,,,,,381471.4688
23,,,,,,,,,,,,,,,,,,,381326.75
23.1,,,,,,,,,,,,,,,,,,,381429.3438
23.2,,,,,,,,,,,,,,,,,,,381383.7188
23.3,,,,,,,,,,,,,,,,,,,381555.9375
23.4,,,,,,,,,,,,,,,,,,,381504.9063
23.5,,,,,,,,,,,,,,,,,,,381415.3438
23.6,,,,,,,,,,,,,,,,,,,381485.3125
23.7,,,,,,,,,,,,,,,,,,,381380.5
23.8,,,,,,,,,,,,,,,,,,,381604.4688
23.9,,,,,,,,,,,,,,,,,,,381145.6563
24,,,,,,,,,,,,,,,,,,,381404.9063
24.1,,,,,,,,,,,,,,,,,,,381623
24.2,,,,,,,,,,,,,,,,,,,381493.8125
24.3,,,,,,,,,,,,,,,,,,,381603.4688
24.4,,,,,,,,,,,,,,,,,,,381519.2813
24.5,,,,,,,,,,,,,,,,,,,381550.7188
24.6,,,,,,,,,,,,,,,,,,,381458.6563
24.7,,,,,,,,,,,,,,,,,,,381348
24.8,,,,,,,,,,,,,,,,,,,381446.4688
24.9,,,,,,,,,,,,,,,,,,,381687.4063
25,,,,,,,,,,,,,,,,,,,381656.4063
25.1,,,,,,,,,,,,,,,,,,,381625.375
25.2,,,,,,,,,,,,,,,,,,,381489.7813
25.3,,,,,,,,,,,,,,,,,,,381354.1563
25.4,,,,,,,,,,,,,,,,,,,381480.5313
25.5,,,,,,,,,,,,,,,,,,,381606.9063
25.6,,,,,,,,,,,,,,,,,,,527645.5
25.7,,,,,,,,,,,,,,,,,,,530502.4375
25.8,,,,,,,,,,,,,,,,,,,530344.0625
25.9,,,,,,,,,,,,,,,,,,,530222.3125
26,,,,,,,,,,,,,,,,,,,530419.5
26.1,,,,,,,,,,,,,,,,,,,530387.25
26.2,,,,,,,,,,,,,,,,,,,530135.4375
26.3,,,,,,,,,,,,,,,,,,,530086.125
26.4,,,,,,,,,,,,,,,,,,,530006.5
26.5,,,,,,,,,,,,,,,,,,,530075.9375
26.6,,,,,,,,,,,,,,,,,,,530051.25
26.7,,,,,,,,,,,,,,,,,,,529960.25
26.8,,,,,,,,,,,,,,,,,,,529897.1875
26.9,,,,,,,,,,,,,,,,,,,529834.125
27,,,,,,,,,,,,,,,,,,,530026.9375
27.1,,,,,,,,,,,,,,,,,,,529830.1875
27.2,,,,,,,,,,,,,,,,,,,529978.8125
27.3,,,,,,,,,,,,,,,,,,,529896.9375
27.4,,,,,,,,,,,,,,,,,,,529872
27.5,,,,,,,,,,,,,,,,,,,530004.3125
27.6,,,,,,,,,,,,,,,,,,,529668.125
27.7,,,,,,,,,,,,,,,,,,,529755.3125
27.8,,,,,,,,,,,,,,,,,,,529792.0625
27.9,,,,,,,,,,,,,,,,,,,529876.125
28,,,,,,,,,,,,,,,,,,,529988.6875
28.1,,,,,,,,,,,,,,,,,,,529822.875
28.2,,,,,,,,,,,,,,,,,,,529765.625
28.3,,,,,,,,,,,,,,,,,,,529880
28.4,,,,,,,,,,,,,,,,,,,529819.8125
28.5,,,,,,,,,,,,,,,,,,,529761.125
28.6,,,,,,,,,,,,,,,,,,,530104.8125
28.7,,,,,,,,,,,,,,,,,,,529655.25
28.8,,,,,,,,,,,,,,,,,,,529915.875
28.9,,,,,,,,,,,,,,,,,,,529704.1875
29,,,,,,,,,,,,,,,,,,,529928.6875
29.1,,,,,,,,,,,,,,,,,,,529948.5
29.2,,,,,,,,,,,,,,,,,,,529907.375
29.3,,,,,,,,,,,,,,,,,,,530036.125
29.4,,,,,,,,,,,,,,,,,,,530139.125
29.5,,,,,,,,,,,,,,,,,,,530132.625
29.6,,,,,,,,,,,,,,,,,,,530201.375
29.7,,,,,,,,,,,,,,,,,,,530196.4375
29.8,,,,,,,,,,,,,,,,,,,530197.5
29.9,,,,,,,,,,,,,,,,,,,529962.8125
30,,,,,,,,,,,,,,,,,,,530077.6875
30.1,,,,,,,,,,,,,,,,,,,530004.0625
30.2,,,,,,,,,,,,,,,,,,,530088.5
30.3,,,,,,,,,,,,,,,,,,,530078.1875
30.4,,,,,,,,,,,,,,,,,,,529824.25
30.5,,,,,,,,,,,,,,,,,,,529924.25
30.6,,,,,,,,,,,,,,,,,,,530058.375
30.7,,,,,,,,,,,,,,,,,,,529991.375
30.8,,,,,,,,,,,,,,,,,,,530260.8125
30.9,,,,,,,,,,,,,,,,,,,530074.1875
31,,,,,,,,,,,,,,,,,,,530033.1875
31.1,,,,,,,,,,,,,,,,,,,530168.875
31.2,,,,,,,,,,,,,,,,,,,530201.375
31.3,,,,,,,,,,,,,,,,,,,530046.25
31.4,,,,,,,,,,,,,,,,,,,530152.625
31.5,,,,,,,,,,,,,,,,,,,530042.75
31.6,,,,,,,,,,,,,,,,,,,529944.4375
31.7,,,,,,,,,,,,,,,,,,,529924.1875
31.8,,,,,,,,,,,,,,,,,,,530008.625
31.9,,,,,,,,,,,,,,,,,,,530131.3125
32,,,,,,,,,,,,,,,,,,,530031.4375
32.1,,,,,,,,,,,,,,,,,,,529898.125
32.2,,,,,,,,,,,,,,,,,,,530013.375
32.3,,,,,,,,,,,,,,,,,,,529942.8125
32.4,,,,,,,,,,,,,,,,,,,529882.875
32.5,,,,,,,,,,,,,,,,,,,529992.375
32.6,,,,,,,,,,,,,,,,,,,529869.8125
32.7,,,,,,,,,,,,,,,,,,,529891.6875
32.8,,,,,,,,,,,,,,,,,,,529913.625
32.9,,,,,,,,,,,,,,,,,,,529902.25
33,,,,,,,,,,,,,,,,,,,529890.9375
33.1,,,,,,,,,,,,,,,,,,,529878.6875
33.2,,,,,,,,,,,,,,,,,,,529866.4375
33.3,,,,,,,,,,,,,,,,,,,678362.375
33.4,,,,,,,,,,,,,,,,,,,681535.875
33.5,,,,,,,,,,,,,,,,,,,681467.5
33.6,,,,,,,,,,,,,,,,,,,681399.1875
33.7,,,,,,,,,,,,,,,,,,,681695.875
33.8,,,,,,,,,,,,,,,,,,,681404
33.9,,,,,,,,,,,,,,,,,,,681533.5625
34,,,,,,,,,,,,,,,,,,,681539.3125
34.1,,,,,,,,,,,,,,,,,,,681500.375
34.2,,,,,,,,,,,,,,,,,,,681592.6875
34.3,,,,,,,,,,,,,,,,,,,681478.6875
34.4,,,,,,,,,,,,,,,,,,,681358.9375
34.5,,,,,,,,,,,,,,,,,,,681414.625
34.6,,,,,,,,,,,,,,,,,,,681525.3125
34.7,,,,,,,,,,,,,,,,,,,681152.4375
34.8,,,,,,,,,,,,,,,,,,,681315.4375
34.9,,,,,,,,,,,,,,,,,,,681256.5625
35,,,,,,,,,,,,,,,,,,,681222.4375
35.1,,,,,,,,,,,,,,,,,,,681132.9375
35.2,,,,,,,,,,,,,,,,,,,681361.25
35.3,,,,,,,,,,,,,,,,,,,681346.625
35.4,,,,,,,,,,,,,,,,,,,681273.25
35.5,,,,,,,,,,,,,,,,,,,681200
35.6,,,,,,,,,,,,,,,,,,,681142.375
35.7,,,,,,,,,,,,,,,,,,,681235.9375
35.8,,,,,,,,,,,,,,,,,,,681280.8125
35.9,,,,,,,,,,,,,,,,,,,681216.875
36,,,,,,,,,,,,,,,,,,,681151.375
36.1,,,,,,,,,,,,,,,,,,,681337.0625
36.2,,,,,,,,,,,,,,,,,,,681334.6875
36.3,,,,,,,,,,,,,,,,,,,681297.5625
36.4,,,,,,,,,,,,,,,,,,,681262
36.5,,,,,,,,,,,,,,,,,,,681281
36.6,,,,,,,,,,,,,,,,,,,681411.3125
36.7,,,,,,,,,,,,,,,,,,,681305.625
36.8,,,,,,,,,,,,,,,,,,,681353.4375
36.9,,,,,,,,,,,,,,,,,,,681543.125
37,,,,,,,,,,,,,,,,,,,681517.6875
37.1,,,,,,,,,,,,,,,,,,,681581.625
37.2,,,,,,,,,,,,,,,,,,,681514.6875
37.3,,,,,,,,,,,,,,,,,,,681598.8125
37.4,,,,,,,,,,,,,,,,,,,681454.0625
37.5,,,,,,,,,,,,,,,,,,,681354.8125
37.6,,,,,,,,,,,,,,,,,,,681472.9375
37.7,,,,,,,,,,,,,,,,,,,681601.3125
37.8,,,,,,,,,,,,,,,,,,,681563.5
37.9,,,,,,,,,,,,,,,,,,,681537.375
38,,,,,,,,,,,,,,,,,,,681556.6875
38.1,,,,,,,,,,,,,,,,,,,681587.25
38.2,,,,,,,,,,,,,,,,,,,681543.875
38.3,,,,,,,,,,,,,,,,,,,681632.375
38.4,,,,,,,,,,,,,,,,,,,681599.625
38.5,,,,,,,,,,,,,,,,,,,681567.5625
38.6,,,,,,,,,,,,,,,,,,,681488.75
38.7,,,,,,,,,,,,,,,,,,,681718.9375
38.8,,,,,,,,,,,,,,,,,,,681689.5
38.9,,,,,,,,,,,,,,,,,,,681730.0625
39,,,,,,,,,,,,,,,,,,,681738.6875
39.1,,,,,,,,,,,,,,,,,,,681799.25
39.2,,,,,,,,,,,,,,,,,,,681693
39.3,,,,,,,,,,,,,,,,,,,681861.3125
39.4,,,,,,,,,,,,,,,,,,,681966.5
39.5,,,,,,,,,,,,,,,,,,,681784.125
39.6,,,,,,,,,,,,,,,,,,,682062.25
39.7,,,,,,,,,,,,,,,,,,,681796.125
39.8,,,,,,,,,,,,,,,,,,,682091.9375
39.9,,,,,,,,,,,,,,,,,,,682150.1875
40,,,,,,,,,,,,,,,,,,,682235.5625
40.1,,,,,,,,,,,,,,,,,,,682210.3125
40.2,,,,,,,,,,,,,,,,,,,682097.875
40.3,,,,,,,,,,,,,,,,,,,682403.1875
40.4,,,,,,,,,,,,,,,,,,,682184
40.5,,,,,,,,,,,,,,,,,,,682281.75
40.6,,,,,,,,,,,,,,,,,,,682361
40.7,,,,,,,,,,,,,,,,,,,682285.1875
40.8,,,,,,,,,,,,,,,,,,,682336.5625
40.9,,,,,,,,,,,,,,,,,,,682226.6875
41,,,,,,,,,,,,,,,,,,,682266.125
41.1,,,,,,,,,,,,,,,,,,,682170.8125
41.2,,,,,,,,,,,,,,,,,,,682215.6875
41.3,,,,,,,,,,,,,,,,,,,682328.4375
41.4,,,,,,,,,,,,,,,,,,,682125.6875
41.5,,,,,,,,,,,,,,,,,,,682094.1875
41.6,,,,,,,,,,,,,,,,,,,682206.0625
41.7,,,,,,,,,,,,,,,,,,,682268.875
41.8,,,,,,,,,,,,,,,,,,,682331.75
41.9,,,,,,,,,,,,,,,,,,,682228.0625
42,,,,,,,,,,,,,,,,,,,682124.375
42.1,,,,,,,,,,,,,,,,,,,834179.0625
42.2,,,,,,,,,,,,,,,,,,,836714.9375
42.3,,,,,,,,,,,,,,,,,,,836898.625
42.4,,,,,,,,,,,,,,,,,,,836708.5625
42.5,,,,,,,,,,,,,,,,,,,836762.3125
42.6,,,,,,,,,,,,,,,,,,,836715.3125
42.7,,,,,,,,,,,,,,,,,,,836805.1875
42.8,,,,,,,,,,,,,,,,,,,836672.6875
42.9,,,,,,,,,,,,,,,,,,,836593.5625
43,,,,,,,,,,,,,,,,,,,836311.875
43.1,,,,,,,,,,,,,,,,,,,836678.25
43.2,,,,,,,,,,,,,,,,,,,836705
43.3,,,,,,,,,,,,,,,,,,,836852.6875
43.4,,,,,,,,,,,,,,,,,,,836876.0625
43.5,,,,,,,,,,,,,,,,,,,836699.5625
43.6,,,,,,,,,,,,,,,,,,,836601.9375
43.7,,,,,,,,,,,,,,,,,,,836622.8125
43.8,,,,,,,,,,,,,,,,,,,836976
43.9,,,,,,,,,,,,,,,,,,,836706.0625
44,,,,,,,,,,,,,,,,,,,836713.5
44.1,,,,,,,,,,,,,,,,,,,836628.9375
44.2,,,,,,,,,,,,,,,,,,,836694
44.3,,,,,,,,,,,,,,,,,,,836567.8125
44.4,,,,,,,,,,,,,,,,,,,836636.4375
44.5,,,,,,,,,,,,,,,,,,,836903.3125
44.6,,,,,,,,,,,,,,,,,,,836741.1875
44.7,,,,,,,,,,,,,,,,,,,836733.5
44.8,,,,,,,,,,,,,,,,,,,836836.375
44.9,,,,,,,,,,,,,,,,,,,836919.75
45,,,,,,,,,,,,,,,,,,,836902.1875
45.1,,,,,,,,,,,,,,,,,,,836869.1875
45.2,,,,,,,,,,,,,,,,,,,836827.9375
45.3,,,,,,,,,,,,,,,,,,,836925.6875
45.4,,,,,,,,,,,,,,,,,,,836751.0625
45.5,,,,,,,,,,,,,,,,,,,837078.625
45.6,,,,,,,,,,,,,,,,,,,836822.4375
45.7,,,,,,,,,,,,,,,,,,,837062.75
45.8,,,,,,,,,,,,,,,,,,,836794.375
45.9,,,,,,,,,,,,,,,,,,,836765.25
46,,,,,,,,,,,,,,,,,,,836811.0625
46.1,,,,,,,,,,,,,,,,,,,836602.4375
46.2,,,,,,,,,,,,,,,,,,,836627.0625
46.3,,,,,,,,,,,,,,,,,,,836859
46.4,,,,,,,,,,,,,,,,,,,836525.3125
46.5,,,,,,,,,,,,,,,,,,,836705.125
46.6,,,,,,,,,,,,,,,,,,,836870.8125
46.7,,,,,,,,,,,,,,,,,,,836790.125
46.8,,,,,,,,,,,,,,,,,,,836626.5625
46.9,,,,,,,,,,,,,,,,,,,836625.9375
47,,,,,,,,,,,,,,,,,,,836625.3125
47.1,,,,,,,,,,,,,,,,,,,836673.3125
47.2,,,,,,,,,,,,,,,,,,,836723.5625
47.3,,,,,,,,,,,,,,,,,,,836789.375
47.4,,,,,,,,,,,,,,,,,,,836574
47.5,,,,,,,,,,,,,,,,,,,836643
47.6,,,,,,,,,,,,,,,,,,,836675.5
47.7,,,,,,,,,,,,,,,,,,,836733.125
47.8,,,,,,,,,,,,,,,,,,,836624.1875
47.9,,,,,,,,,,,,,,,,,,,836728.6875
48,,,,,,,,,,,,,,,,,,,836688.75
48.1,,,,,,,,,,,,,,,,,,,836742
48.2,,,,,,,,,,,,,,,,,,,836513.4375
48.3,,,,,,,,,,,,,,,,,,,836490.25
48.4,,,,,,,,,,,,,,,,,,,836683.0625
48.5,,,,,,,,,,,,,,,,,,,836545.875
48.6,,,,,,,,,,,,,,,,,,,836464.25
48.7,,,,,,,,,,,,,,,,,,,836557.1875
48.8,,,,,,,,,,,,,,,,,,,836452.75
48.9,,,,,,,,,,,,,,,,,,,836582.0625
49,,,,,,,,,,,,,,,,,,,836352.5
49.1,,,,,,,,,,,,,,,,,,,836342.5
49.2,,,,,,,,,,,,,,,,,,,836500.1875
49.3,,,,,,,,,,,,,,,,,,,836381.4375
49.4,,,,,,,,,,,,,,,,,,,836633.1875
49.5,,,,,,,,,,,,,,,,,,,836248
49.6,,,,,,,,,,,,,,,,,,,836480.5
49.7,,,,,,,,,,,,,,,,,,,836532.625
49.8,,,,,,,,,,,,,,,,,,,836597.25
49.9,,,,,,,,,,,,,,,,,,,836605.5
50,,,,,,,,,,,,,,,,,,,836501.625
50.1,,,,,,,,,,,,,,,,,,,836562.1875
50.2,,,,,,,,,,,,,,,,,,,836385.625
50.3,,,,,,,,,,,,,,,,,,,836406.6875
50.4,,,,,,,,,,,,,,,,,,,836564.1875
50.5,,,,,,,,,,,,,,,,,,,836721.6875
50.6,,,,,,,,,,,,,,,,,,,836574.5
50.7,,,,,,,,,,,,,,,,,,,836427.25
50.8,,,,,,,,,,,,,,,,,,,836463.1875
50.9,,,,,,,,,,,,,,,,,,,836499.125
51,,,,,,,,,,,,,,,,,,,989242
51.1,,,,,,,,,,,,,,,,,,,992609.625
51.2,,,,,,,,,,,,,,,,,,,992559.375
51.3,,,,,,,,,,,,,,,,,,,992483.625
51.4,,,,,,,,,,,,,,,,,,,992558.6875
51.5,,,,,,,,,,,,,,,,,,,992656.875
51.6,,,,,,,,,,,,,,,,,,,992641.625
51.7,,,,,,,,,,,,,,,,,,,992635.1875
51.8,,,,,,,,,,,,,,,,,,,992523.25
51.9,,,,,,,,,,,,,,,,,,,992718.1875
52,,,,,,,,,,,,,,,,,,,992642.8125
52.1,,,,,,,,,,,,,,,,,,,992559.6875
52.2,,,,,,,,,,,,,,,,,,,992591
52.3,,,,,,,,,,,,,,,,,,,992552.375
52.4,,,,,,,,,,,,,,,,,,,992599.875
52.5,,,,,,,,,,,,,,,,,,,992553
52.6,,,,,,,,,,,,,,,,,,,992836
52.7,,,,,,,,,,,,,,,,,,,992746.4375
52.8,,,,,,,,,,,,,,,,,,,992823.5625
52.9,,,,,,,,,,,,,,,,,,,992994.3125
53,,,,,,,,,,,,,,,,,,,992785.375
53.1,,,,,,,,,,,,,,,,,,,992816.5625
53.2,,,,,,,,,,,,,,,,,,,992866.1875
53.3,,,,,,,,,,,,,,,,,,,992888.375
53.4,,,,,,,,,,,,,,,,,,,992905.75
53.5,,,,,,,,,,,,,,,,,,,993055.1875
53.6,,,,,,,,,,,,,,,,,,,993141.5
53.7,,,,,,,,,,,,,,,,,,,993227.8125
53.8,,,,,,,,,,,,,,,,,,,993321.8125
53.9,,,,,,,,,,,,,,,,,,,993157.9375
54,,,,,,,,,,,,,,,,,,,993148.8125
54.1,,,,,,,,,,,,,,,,,,,993297.375
54.2,,,,,,,,,,,,,,,,,,,993392.0625
54.3,,,,,,,,,,,,,,,,,,,993311.625
54.4,,,,,,,,,,,,,,,,,,,993102.1875
54.5,,,,,,,,,,,,,,,,,,,993296.875
54.6,,,,,,,,,,,,,,,,,,,993402.6875
54.7,,,,,,,,,,,,,,,,,,,993354.5625
54.8,,,,,,,,,,,,,,,,,,,993433.1875
54.9,,,,,,,,,,,,,,,,,,,993336.4375
55,,,,,,,,,,,,,,,,,,,993361.125
55.1,,,,,,,,,,,,,,,,,,,993362.875
55.2,,,,,,,,,,,,,,,,,,,993405.9375
55.3,,,,,,,,,,,,,,,,,,,993294.0625
55.4,,,,,,,,,,,,,,,,,,,993294
55.5,,,,,,,,,,,,,,,,,,,993301.0625
55.6,,,,,,,,,,,,,,,,,,,993258.25
55.7,,,,,,,,,,,,,,,,,,,993390.6875
55.8,,,,,,,,,,,,,,,,,,,993298.75
55.9,,,,,,,,,,,,,,,,,,,993232.0625
56,,,,,,,,,,,,,,,,,,,993223.5625
56.1,,,,,,,,,,,,,,,,,,,993194.875
56.2,,,,,,,,,,,,,,,,,,,993247.9375
56.3,,,,,,,,,,,,,,,,,,,993165.0625
56.4,,,,,,,,,,,,,,,,,,,993031.625
56.5,,,,,,,,,,,,,,,,,,,993113.125
56.6,,,,,,,,,,,,,,,,,,,993200.5625
56.7,,,,,,,,,,,,,,,,,,,993116.5
56.8,,,,,,,,,,,,,,,,,,,993272.375
56.9,,,,,,,,,,,,,,,,,,,993089.3125
57,,,,,,,,,,,,,,,,,,,992965.9375
57.1,,,,,,,,,,,,,,,,,,,993093.3125
57.2,,,,,,,,,,,,,,,,,,,993220.6875
57.3,,,,,,,,,,,,,,,,,,,993113.125
57.4,,,,,,,,,,,,,,,,,,,993005.5625
57.5,,,,,,,,,,,,,,,,,,,993065.1875
57.6,,,,,,,,,,,,,,,,,,,993124.875
57.7,,,,,,,,,,,,,,,,,,,1148166
57.8,,,,,,,,,,,,,,,,,,,1151774.75
57.9,,,,,,,,,,,,,,,,,,,1151779.75
58,,,,,,,,,,,,,,,,,,,1151710.875
58.1,,,,,,,,,,,,,,,,,,,1151609.875
58.2,,,,,,,,,,,,,,,,,,,1151761.75
58.3,,,,,,,,,,,,,,,,,,,1151806.75
58.4,,,,,,,,,,,,,,,,,,,1151844.125
58.5,,,,,,,,,,,,,,,,,,,1151831.25
58.6,,,,,,,,,,,,,,,,,,,1151926
58.7,,,,,,,,,,,,,,,,,,,1151898.5
58.8,,,,,,,,,,,,,,,,,,,1151907.875
58.9,,,,,,,,,,,,,,,,,,,1151854.125
59,,,,,,,,,,,,,,,,,,,1151894.875
59.1,,,,,,,,,,,,,,,,,,,1152157
59.2,,,,,,,,,,,,,,,,,,,1151854.375
59.3,,,,,,,,,,,,,,,,,,,1152130.875
59.4,,,,,,,,,,,,,,,,,,,1151789.25
59.5,,,,,,,,,,,,,,,,,,,1152071.25
59.6,,,,,,,,,,,,,,,,,,,1152010.875
59.7,,,,,,,,,,,,,,,,,,,1152003.5
59.8,,,,,,,,,,,,,,,,,,,1152046.75
59.9,,,,,,,,,,,,,,,,,,,1152184.125
60,,,,,,,,,,,,,,,,,,,1152155.5
60.1,,,,,,,,,,,,,,,,,,,1152287.875
60.2,,,,,,,,,,,,,,,,,,,1152255
60.3,,,,,,,,,,,,,,,,,,,1152198.75
60.4,,,,,,,,,,,,,,,,,,,1152341.75
60.5,,,,,,,,,,,,,,,,,,,1152020.125
60.6,,,,,,,,,,,,,,,,,,,1152035.125
60.7,,,,,,,,,,,,,,,,,,,1152017.625
60.8,,,,,,,,,,,,,,,,,,,1152111.25
60.9,,,,,,,,,,,,,,,,,,,1151926.75
61,,,,,,,,,,,,,,,,,,,1151839.875
61.1,,,,,,,,,,,,,,,,,,,1151975
61.2,,,,,,,,,,,,,,,,,,,1151773.625
61.3,,,,,,,,,,,,,,,,,,,1151829.125
61.4,,,,,,,,,,,,,,,,,,,1151698.125
61.5,,,,,,,,,,,,,,,,,,,1151682.25
61.6,,,,,,,,,,,,,,,,,,,1151724.5
61.7,,,,,,,,,,,,,,,,,,,1151716.125
61.8,,,,,,,,,,,,,,,,,,,1151601.25
61.9,,,,,,,,,,,,,,,,,,,1151843.5
62,,,,,,,,,,,,,,,,,,,1151664.125
62.1,,,,,,,,,,,,,,,,,,,1151614.25
62.2,,,,,,,,,,,,,,,,,,,1151551.875
62.3,,,,,,,,,,,,,,,,,,,1151609.125
62.4,,,,,,,,,,,,,,,,,,,1151621
62.5,,,,,,,,,,,,,,,,,,,1151664.375
62.6,,,,,,,,,,,,,,,,,,,1151707.625
62.7,,,,,,,,,,,,,,,,,,,1151678.875
62.8,,,,,,,,,,,,,,,,,,,1151797.125
62.9,,,,,,,,,,,,,,,,,,,1151678.5
63,,,,,,,,,,,,,,,,,,,1151657.125
63.1,,,,,,,,,,,,,,,,,,,1151769.625
63.2,,,,,,,,,,,,,,,,,,,1151659.5
63.3,,,,,,,,,,,,,,,,,,,1151667.5
63.4,,,,,,,,,,,,,,,,,,,1151716.75
63.5,,,,,,,,,,,,,,,,,,,1151595.75
63.6,,,,,,,,,,,,,,,,,,,1151570.625
63.7,,,,,,,,,,,,,,,,,,,1151746.75
63.8,,,,,,,,,,,,,,,,,,,1151425.875
63.9,,,,,,,,,,,,,,,,,,,1151628.375
64,,,,,,,,,,,,,,,,,,,1151393.75
64.1,,,,,,,,,,,,,,,,,,,1151455.125
64.2,,,,,,,,,,,,,,,,,,,1151566.125
64.3,,,,,,,,,,,,,,,,,,,1151388.5
64.4,,,,,,,,,,,,,,,,,,,1151388
64.5,,,,,,,,,,,,,,,,,,,1151482
64.6,,,,,,,,,,,,,,,,,,,1151624.375
64.7,,,,,,,,,,,,,,,,,,,1151601.375
64.8,,,,,,,,,,,,,,,,,,,1151684.125
64.9,,,,,,,,,,,,,,,,,,,1151666.625
65,,,,,,,,,,,,,,,,,,,1151521.125
65.1,,,,,,,,,,,,,,,,,,,1151593.375
65.2,,,,,,,,,,,,,,,,,,,1151727.5
65.3,,,,,,,,,,,,,,,,,,,1151799.25
65.4,,,,,,,,,,,,,,,,,,,1151755.25
65.5,,,,,,,,,,,,,,,,,,,1151745.875
65.6,,,,,,,,,,,,,,,,,,,1151712.25
65.7,,,,,,,,,,,,,,,,,,,1151877.5
65.8,,,,,,,,,,,,,,,,,,,1151781.625
65.9,,,,,,,,,,,,,,,,,,,1151907.875
66,,,,,,,,,,,,,,,,,,,1151830
66.1,,,,,,,,,,,,,,,,,,,1151684.875
66.2,,,,,,,,,,,,,,,,,,,1152035.875
66.3,,,,,,,,,,,,,,,,,,,1151607.625
66.4,,,,,,,,,,,,,,,,,,,1151648.125
66.5,,,,,,,,,,,,,,,,,,,1151688.625
66.6,,,,,,,,,,,,,,,,,,,1151729.125
66.7,,,,,,,,,,,,,,,,,,,1151800.75
66.8,,,,,,,,,,,,,,,,,,,1151872.25
66.9,,,,,,,,,,,,,,,,,,,1151842.25
67,,,,,,,,,,,,,,,,,,,1151812.125
67.1,,,,,,,,,,,,,,,,,,,1309738.5
67.2,,,,,,,,,,,,,,,,,,,1312450.25
67.3,,,,,,,,,,,,,,,,,,,1312591.625
67.4,,,,,,,,,,,,,,,,,,,1312588.5
67.5,,,,,,,,,,,,,,,,,,,1312345.125
67.6,,,,,,,,,,,,,,,,,,,1312405.375
67.7,,,,,,,,,,,,,,,,,,,1312466.5
67.8,,,,,,,,,,,,,,,,,,,1312229.75
67.9,,,,,,,,,,,,,,,,,,,1312318.625
68,,,,,,,,,,,,,,,,,,,1312379.75
68.1,,,,,,,,,,,,,,,,,,,1312369.375
68.2,,,,,,,,,,,,,,,,,,,1311972.375
68.3,,,,,,,,,,,,,,,,,,,1311969.25
68.4,,,,,,,,,,,,,,,,,,,1311890.25
68.5,,,,,,,,,,,,,,,,,,,1312079.25
68.6,,,,,,,,,,,,,,,,,,,1311999.375
68.7,,,,,,,,,,,,,,,,,,,1312051
68.8,,,,,,,,,,,,,,,,,,,1311983.625
68.9,,,,,,,,,,,,,,,,,,,1312000
69,,,,,,,,,,,,,,,,,,,1312027.5
69.1,,,,,,,,,,,,,,,,,,,1311994.125
69.2,,,,,,,,,,,,,,,,,,,1311852.75
69.3,,,,,,,,,,,,,,,,,,,1312080.875
69.4,,,,,,,,,,,,,,,,,,,1311870.375
69.5,,,,,,,,,,,,,,,,,,,1311857.25
69.6,,,,,,,,,,,,,,,,,,,1311727.5
69.7,,,,,,,,,,,,,,,,,,,1311764.625
69.8,,,,,,,,,,,,,,,,,,,1311749.375
69.9,,,,,,,,,,,,,,,,,,,1311731.25
70,,,,,,,,,,,,,,,,,,,1311900.25
70.1,,,,,,,,,,,,,,,,,,,1312035.25
70.2,,,,,,,,,,,,,,,,,,,1312228.5
70.3,,,,,,,,,,,,,,,,,,,1312350.625
70.4,,,,,,,,,,,,,,,,,,,1312143.125
70.5,,,,,,,,,,,,,,,,,,,1312097.375
70.6,,,,,,,,,,,,,,,,,,,1312117.375
70.7,,,,,,,,,,,,,,,,,,,1312209.75
70.8,,,,,,,,,,,,,,,,,,,1312200.875
70.9,,,,,,,,,,,,,,,,,,,1312226.125
71,,,,,,,,,,,,,,,,,,,1312304.25
71.1,,,,,,,,,,,,,,,,,,,1312360.75
71.2,,,,,,,,,,,,,,,,,,,1312687.875
71.3,,,,,,,,,,,,,,,,,,,1312419.625
71.4,,,,,,,,,,,,,,,,,,,1312635.5
71.5,,,,,,,,,,,,,,,,,,,1312556.375
71.6,,,,,,,,,,,,,,,,,,,1312706.5
71.7,,,,,,,,,,,,,,,,,,,1312740.75
71.8,,,,,,,,,,,,,,,,,,,1312917.25
71.9,,,,,,,,,,,,,,,,,,,1312804.375
72,,,,,,,,,,,,,,,,,,,1312940.125
72.1,,,,,,,,,,,,,,,,,,,1313011.625
72.2,,,,,,,,,,,,,,,,,,,1313253.375
72.3,,,,,,,,,,,,,,,,,,,1313290
72.4,,,,,,,,,,,,,,,,,,,1313146.25
72.5,,,,,,,,,,,,,,,,,,,1313108.125
72.6,,,,,,,,,,,,,,,,,,,1313220.375
72.7,,,,,,,,,,,,,,,,,,,1313395.875
72.8,,,,,,,,,,,,,,,,,,,1313374.5
72.9,,,,,,,,,,,,,,,,,,,1313384.75
73,,,,,,,,,,,,,,,,,,,1313677.75
73.1,,,,,,,,,,,,,,,,,,,1313547.375
73.2,,,,,,,,,,,,,,,,,,,1313586.625
73.3,,,,,,,,,,,,,,,,,,,1313320.25
73.4,,,,,,,,,,,,,,,,,,,1313485.125
73.5,,,,,,,,,,,,,,,,,,,1313936.125
73.6,,,,,,,,,,,,,,,,,,,1313679
73.7,,,,,,,,,,,,,,,,,,,1313523.125
73.8,,,,,,,,,,,,,,,,,,,1313638.875
73.9,,,,,,,,,,,,,,,,,,,1313718.25
74,,,,,,,,,,,,,,,,,,,1313724.375
74.1,,,,,,,,,,,,,,,,,,,1313730.625
74.2,,,,,,,,,,,,,,,,,,,1313736.875
74.3,,,,,,,,,,,,,,,,,,,1313730.625
74.4,,,,,,,,,,,,,,,,,,,1313724.375
74.5,,,,,,,,,,,,,,,,,,,1313634.75
74.6,,,,,,,,,,,,,,,,,,,1313545.125
74.7,,,,,,,,,,,,,,,,,,,1473835.375
74.8,,,,,,,,,,,,,,,,,,,1478647.625
74.9,,,,,,,,,,,,,,,,,,,1478504.625
75,,,,,,,,,,,,,,,,,,,1478128.875
75.1,,,,,,,,,,,,,,,,,,,1478233.375
75.2,,,,,,,,,,,,,,,,,,,1478329
75.3,,,,,,,,,,,,,,,,,,,1478159.375
75.4,,,,,,,,,,,,,,,,,,,1478030.75
75.5,,,,,,,,,,,,,,,,,,,1477954.25
75.6,,,,,,,,,,,,,,,,,,,1477974.75
75.7,,,,,,,,,,,,,,,,,,,1477824
75.8,,,,,,,,,,,,,,,,,,,1477845.125
75.9,,,,,,,,,,,,,,,,,,,1477918.875
76,,,,,,,,,,,,,,,,,,,1477782
76.1,,,,,,,,,,,,,,,,,,,1477843.125
76.2,,,,,,,,,,,,,,,,,,,1477650.625
76.3,,,,,,,,,,,,,,,,,,,1477885.125
76.4,,,,,,,,,,,,,,,,,,,1477685.75
76.5,,,,,,,,,,,,,,,,,,,1477573.5
76.6,,,,,,,,,,,,,,,,,,,1477615.125
76.7,,,,,,,,,,,,,,,,,,,1477584.375
76.8,,,,,,,,,,,,,,,,,,,1477586.75
76.9,,,,,,,,,,,,,,,,,,,1477604.75
77,,,,,,,,,,,,,,,,,,,1477616.75
77.1,,,,,,,,,,,,,,,,,,,1477802.75
77.2,,,,,,,,,,,,,,,,,,,1477783.25
77.3,,,,,,,,,,,,,,,,,,,1477716.125
77.4,,,,,,,,,,,,,,,,,,,1477704.375
77.5,,,,,,,,,,,,,,,,,,,1477549.875
77.6,,,,,,,,,,,,,,,,,,,1477577.875
77.7,,,,,,,,,,,,,,,,,,,1477718.5
77.8,,,,,,,,,,,,,,,,,,,1477884.375
77.9,,,,,,,,,,,,,,,,,,,1477983
78,,,,,,,,,,,,,,,,,,,1477731.25
78.1,,,,,,,,,,,,,,,,,,,1477751.875
78.2,,,,,,,,,,,,,,,,,,,1477831.875
78.3,,,,,,,,,,,,,,,,,,,1477857.5
78.4,,,,,,,,,,,,,,,,,,,1477919
78.5,,,,,,,,,,,,,,,,,,,1477875
78.6,,,,,,,,,,,,,,,,,,,1477759.5
78.7,,,,,,,,,,,,,,,,,,,1477799
78.8,,,,,,,,,,,,,,,,,,,1477972
78.9,,,,,,,,,,,,,,,,,,,1478005.625
79,,,,,,,,,,,,,,,,,,,1477891
79.1,,,,,,,,,,,,,,,,,,,1477869.625
79.2,,,,,,,,,,,,,,,,,,,1477915.75
79.3,,,,,,,,,,,,,,,,,,,1478161.875
79.4,,,,,,,,,,,,,,,,,,,1477988.625
79.5,,,,,,,,,,,,,,,,,,,1478001.75
79.6,,,,,,,,,,,,,,,,,,,1477981
79.7,,,,,,,,,,,,,,,,,,,1477848.375
79.8,,,,,,,,,,,,,,,,,,,1478011.75
79.9,,,,,,,,,,,,,,,,,,,1478104.875
80,,,,,,,,,,,,,,,,,,,1478142.375
80.1,,,,,,,,,,,,,,,,,,,1478007.125
80.2,,,,,,,,,,,,,,,,,,,1478076.5
80.3,,,,,,,,,,,,,,,,,,,1478237.625
80.4,,,,,,,,,,,,,,,,,,,1478206.625
80.5,,,,,,,,,,,,,,,,,,,1478175.75
80.6,,,,,,,,,,,,,,,,,,,1478087.125
80.7,,,,,,,,,,,,,,,,,,,1478180.625
80.8,,,,,,,,,,,,,,,,,,,1478176.625
80.9,,,,,,,,,,,,,,,,,,,1478138
81,,,,,,,,,,,,,,,,,,,1478224.375
81.1,,,,,,,,,,,,,,,,,,,1478165.625
81.2,,,,,,,,,,,,,,,,,,,1478116.625
81.3,,,,,,,,,,,,,,,,,,,1478217.625
81.4,,,,,,,,,,,,,,,,,,,1478200
81.5,,,,,,,,,,,,,,,,,,,1478182.375
81.6,,,,,,,,,,,,,,,,,,,1478156.625
81.7,,,,,,,,,,,,,,,,,,,1478131
81.8,,,,,,,,,,,,,,,,,,,1478120.25
81.9,,,,,,,,,,,,,,,,,,,1478109.625
82,,,,,,,,,,,,,,,,,,,1644223.375
82.1,,,,,,,,,,,,,,,,,,,1646372.125
82.2,,,,,,,,,,,,,,,,,,,1646336
82.3,,,,,,,,,,,,,,,,,,,1646207.5
82.4,,,,,,,,,,,,,,,,,,,1646186.625
82.5,,,,,,,,,,,,,,,,,,,1646072.75
82.6,,,,,,,,,,,,,,,,,,,1646163.5
82.7,,,,,,,,,,,,,,,,,,,1646254.125
82.8,,,,,,,,,,,,,,,,,,,1646078.25
82.9,,,,,,,,,,,,,,,,,,,1646193
83,,,,,,,,,,,,,,,,,,,1646139.5
83.1,,,,,,,,,,,,,,,,,,,1646023.5
83.2,,,,,,,,,,,,,,,,,,,1645876.375
83.3,,,,,,,,,,,,,,,,,,,1646078.375
83.4,,,,,,,,,,,,,,,,,,,1645947
83.5,,,,,,,,,,,,,,,,,,,1646029.75
83.6,,,,,,,,,,,,,,,,,,,1645853
83.7,,,,,,,,,,,,,,,,,,,1645914.5
83.8,,,,,,,,,,,,,,,,,,,1645998.75
83.9,,,,,,,,,,,,,,,,,,,1645879.125
84,,,,,,,,,,,,,,,,,,,1646038.25
84.1,,,,,,,,,,,,,,,,,,,1646107.875
84.2,,,,,,,,,,,,,,,,,,,1646183.75
84.3,,,,,,,,,,,,,,,,,,,1646247.125
84.4,,,,,,,,,,,,,,,,,,,1645997.875
84.5,,,,,,,,,,,,,,,,,,,1646153.5
84.6,,,,,,,,,,,,,,,,,,,1646020.75
84.7,,,,,,,,,,,,,,,,,,,1646352.625
84.8,,,,,,,,,,,,,,,,,,,1646185
84.9,,,,,,,,,,,,,,,,,,,1646124.375
85,,,,,,,,,,,,,,,,,,,1646247.375
85.1,,,,,,,,,,,,,,,,,,,1646360.25
85.2,,,,,,,,,,,,,,,,,,,1646342.625
85.3,,,,,,,,,,,,,,,,,,,1646379.375
85.4,,,,,,,,,,,,,,,,,,,1646365.75
85.5,,,,,,,,,,,,,,,,,,,1646527.25
85.6,,,,,,,,,,,,,,,,,,,1646704.25
85.7,,,,,,,,,,,,,,,,,,,1646328.25
85.8,,,,,,,,,,,,,,,,,,,1646377.875
85.9,,,,,,,,,,,,,,,,,,,1646477.875
86,,,,,,,,,,,,,,,,,,,1646412.75
86.1,,,,,,,,,,,,,,,,,,,1646464.375
86.2,,,,,,,,,,,,,,,,,,,1646553.5
86.3,,,,,,,,,,,,,,,,,,,1646313.875
86.4,,,,,,,,,,,,,,,,,,,1646529
86.5,,,,,,,,,,,,,,,,,,,1646421
86.6,,,,,,,,,,,,,,,,,,,1646450.125
86.7,,,,,,,,,,,,,,,,,,,1646476.25
86.8,,,,,,,,,,,,,,,,,,,1646223.375
86.9,,,,,,,,,,,,,,,,,,,1646246.375
87,,,,,,,,,,,,,,,,,,,1646124.5
87.1,,,,,,,,,,,,,,,,,,,1646243.625
87.2,,,,,,,,,,,,,,,,,,,1646012.5
87.3,,,,,,,,,,,,,,,,,,,1646285.375
87.4,,,,,,,,,,,,,,,,,,,1646009.625
87.5,,,,,,,,,,,,,,,,,,,1646099.625
87.6,,,,,,,,,,,,,,,,,,,1646161.25
87.7,,,,,,,,,,,,,,,,,,,1645966.875
87.8,,,,,,,,,,,,,,,,,,,1646042
87.9,,,,,,,,,,,,,,,,,,,1645991.25
88,,,,,,,,,,,,,,,,,,,1645988.375
88.1,,,,,,,,,,,,,,,,,,,1645958.125
88.2,,,,,,,,,,,,,,,,,,,1645996.125
88.3,,,,,,,,,,,,,,,,,,,1645985.875
88.4,,,,,,,,,,,,,,,,,,,1645790.75
88.5,,,,,,,,,,,,,,,,,,,1645828.375
88.6,,,,,,,,,,,,,,,,,,,1645887
88.7,,,,,,,,,,,,,,,,,,,1645814.25
88.8,,,,,,,,,,,,,,,,,,,1645667.375
88.9,,,,,,,,,,,,,,,,,,,1645880.5
89,,,,,,,,,,,,,,,,,,,1645887.25
89.1,,,,,,,,,,,,,,,,,,,1645832.375
89.2,,,,,,,,,,,,,,,,,,,1645674.875
89.3,,,,,,,,,,,,,,,,,,,1645690.25
89.4,,,,,,,,,,,,,,,,,,,1645563.625
89.5,,,,,,,,,,,,,,,,,,,1645580
89.6,,,,,,,,,,,,,,,,,,,1645592.875
89.7,,,,,,,,,,,,,,,,,,,1645699.125
89.8,,,,,,,,,,,,,,,,,,,1645646.75
89.9,,,,,,,,,,,,,,,,,,,1645650.375
90,,,,,,,,,,,,,,,,,,,1645654
90.1,,,,,,,,,,,,,,,,,,,1645565.125
90.2,,,,,,,,,,,,,,,,,,,1645476.375
90.3,,,,,,,,,,,,,,,,,,,1645410.375
90.4,,,,,,,,,,,,,,,,,,,1645344.375
90.5,,,,,,,,,,,,,,,,,,,1808629
90.6,,,,,,,,,,,,,,,,,,,1809531.625
90.7,,,,,,,,,,,,,,,,,,,1809416.375
90.8,,,,,,,,,,,,,,,,,,,1809404.75
90.9,,,,,,,,,,,,,,,,,,,1809208.75
91,,,,,,,,,,,,,,,,,,,1809574.5
91.1,,,,,,,,,,,,,,,,,,,1809404.625
91.2,,,,,,,,,,,,,,,,,,,1809729.75
91.3,,,,,,,,,,,,,,,,,,,1809603.625
91.4,,,,,,,,,,,,,,,,,,,1809521.25
91.5,,,,,,,,,,,,,,,,,,,1809552.875
91.6,,,,,,,,,,,,,,,,,,,1809606.75
91.7,,,,,,,,,,,,,,,,,,,1809735.25
91.8,,,,,,,,,,,,,,,,,,,1809989
91.9,,,,,,,,,,,,,,,,,,,1810169.25
92,,,,,,,,,,,,,,,,,,,1810211.75
92.1,,,,,,,,,,,,,,,,,,,1810385.5
92.2,,,,,,,,,,,,,,,,,,,1810454.5
92.3,,,,,,,,,,,,,,,,,,,1810429.5
92.4,,,,,,,,,,,,,,,,,,,1810814.125
92.5,,,,,,,,,,,,,,,,,,,1810771.125
92.6,,,,,,,,,,,,,,,,,,,1810436.625
92.7,,,,,,,,,,,,,,,,,,,1810633.625
92.8,,,,,,,,,,,,,,,,,,,1810601.125
92.9,,,,,,,,,,,,,,,,,,,1810662.75
93,,,,,,,,,,,,,,,,,,,1810787.375
93.1,,,,,,,,,,,,,,,,,,,1810828.75
93.2,,,,,,,,,,,,,,,,,,,1810968
93.3,,,,,,,,,,,,,,,,,,,1810840.375
93.4,,,,,,,,,,,,,,,,,,,1810964.375
93.5,,,,,,,,,,,,,,,,,,,1811335.75
93.6,,,,,,,,,,,,,,,,,,,1811336.875
93.7,,,,,,,,,,,,,,,,,,,1811085.25
93.8,,,,,,,,,,,,,,,,,,,1811112.875
93.9,,,,,,,,,,,,,,,,,,,1811432.75
94,,,,,,,,,,,,,,,,,,,1811273.125
94.1,,,,,,,,,,,,,,,,,,,1811038.125
94.2,,,,,,,,,,,,,,,,,,,1811134
94.3,,,,,,,,,,,,,,,,,,,1810968.875
94.4,,,,,,,,,,,,,,,,,,,1811029.5
94.5,,,,,,,,,,,,,,,,,,,1810992.125
94.6,,,,,,,,,,,,,,,,,,,1810786.875
94.7,,,,,,,,,,,,,,,,,,,1811195.375
94.8,,,,,,,,,,,,,,,,,,,1810869.25
94.9,,,,,,,,,,,,,,,,,,,1810909.5
95,,,,,,,,,,,,,,,,,,,1811096.125
95.1,,,,,,,,,,,,,,,,,,,1811028.125
95.2,,,,,,,,,,,,,,,,,,,1811319
95.3,,,,,,,,,,,,,,,,,,,1811423.75
95.4,,,,,,,,,,,,,,,,,,,1811505.125
95.5,,,,,,,,,,,,,,,,,,,1811284
95.6,,,,,,,,,,,,,,,,,,,1811238
95.7,,,,,,,,,,,,,,,,,,,1811449
95.8,,,,,,,,,,,,,,,,,,,1811412.375
95.9,,,,,,,,,,,,,,,,,,,1811445.875
96,,,,,,,,,,,,,,,,,,,1811500.875
96.1,,,,,,,,,,,,,,,,,,,1811555.75
96.2,,,,,,,,,,,,,,,,,,,1811439.5
96.3,,,,,,,,,,,,,,,,,,,1811352.625
96.4,,,,,,,,,,,,,,,,,,,1811407.375
96.5,,,,,,,,,,,,,,,,,,,1811392
96.6,,,,,,,,,,,,,,,,,,,1811337.125
96.7,,,,,,,,,,,,,,,,,,,1811380.25
96.8,,,,,,,,,,,,,,,,,,,1811423.25
96.9,,,,,,,,,,,,,,,,,,,1811226.875
97,,,,,,,,,,,,,,,,,,,1811030.375
97.1,,,,,,,,,,,,,,,,,,,1811070.875
97.2,,,,,,,,,,,,,,,,,,,1811111.5
97.3,,,,,,,,,,,,,,,,,,,1971977.5
97.4,,,,,,,,,,,,,,,,,,,1975454.875
97.5,,,,,,,,,,,,,,,,,,,1975389
97.6,,,,,,,,,,,,,,,,,,,1975035.25
97.7,,,,,,,,,,,,,,,,,,,1974871.375
97.8,,,,,,,,,,,,,,,,,,,1974936.125
97.9,,,,,,,,,,,,,,,,,,,1974728.625
98,,,,,,,,,,,,,,,,,,,1974743.5
98.1,,,,,,,,,,,,,,,,,,,1974629.375
98.2,,,,,,,,,,,,,,,,,,,1974271.75
98.3,,,,,,,,,,,,,,,,,,,1974312.375
98.4,,,,,,,,,,,,,,,,,,,1973858.125
98.5,,,,,,,,,,,,,,,,,,,1973807.625
98.6,,,,,,,,,,,,,,,,,,,1973721.75
98.7,,,,,,,,,,,,,,,,,,,1973555.5
98.8,,,,,,,,,,,,,,,,,,,1973475
98.9,,,,,,,,,,,,,,,,,,,1973430.875
99,,,,,,,,,,,,,,,,,,,1973112.75
99.1,,,,,,,,,,,,,,,,,,,1973009.625
99.2,,,,,,,,,,,,,,,,,,,1973139.75
99.3,,,,,,,,,,,,,,,,,,,1973094.375
99.4,,,,,,,,,,,,,,,,,,,1972959.125
99.5,,,,,,,,,,,,,,,,,,,1973211.125
99.6,,,,,,,,,,,,,,,,,,,1973108
99.7,,,,,,,,,,,,,,,,,,,1973019
99.8,,,,,,,,,,,,,,,,,,,1973230.5
99.9,,,,,,,,,,,,,,,,,,,1973365.625
100,,,,,,,,,,,,,,,,,,,1973384.875
100.1,,,,,,,,,,,,,,,,,,,1973538
100.2,,,,,,,,,,,,,,,,,,,1973687.25
100.3,,,,,,,,,,,,,,,,,,,1974045.5
100.4,,,,,,,,,,,,,,,,,,,1974064.375
100.5,,,,,,,,,,,,,,,,,,,1974156.625
100.6,,,,,,,,,,,,,,,,,,,1974307.125
100.7,,,,,,,,,,,,,,,,,,,1974547.375
100.8,,,,,,,,,,,,,,,,,,,1974515.75
100.9,,,,,,,,,,,,,,,,,,,1974497.375
101,,,,,,,,,,,,,,,,,,,1974843.625
101.1,,,,,,,,,,,,,,,,,,,1974955.5
101.2,,,,,,,,,,,,,,,,,,,1975066.625
101.3,,,,,,,,,,,,,,,,,,,1975240.625
101.4,,,,,,,,,,,,,,,,,,,1975466
101.5,,,,,,,,,,,,,,,,,,,1975565.75
101.6,,,,,,,,,,,,,,,,,,,1975651.25
101.7,,,,,,,,,,,,,,,,,,,1975778.875
101.8,,,,,,,,,,,,,,,,,,,1975967
101.9,,,,,,,,,,,,,,,,,,,1976152.625
102,,,,,,,,,,,,,,,,,,,1976385.125
102.1,,,,,,,,,,,,,,,,,,,1976292.25
102.2,,,,,,,,,,,,,,,,,,,1976198.375
102.3,,,,,,,,,,,,,,,,,,,1976182
102.4,,,,,,,,,,,,,,,,,,,1976296.375
102.5,,,,,,,,,,,,,,,,,,,1976355.625
102.6,,,,,,,,,,,,,,,,,,,1976423.375
102.7,,,,,,,,,,,,,,,,,,,1976396.625
102.8,,,,,,,,,,,,,,,,,,,1976521.625
102.9,,,,,,,,,,,,,,,,,,,1976628.375
103,,,,,,,,,,,,,,,,,,,1976400.25
103.1,,,,,,,,,,,,,,,,,,,1976379.375
103.2,,,,,,,,,,,,,,,,,,,1976624.875
103.3,,,,,,,,,,,,,,,,,,,1976620
103.4,,,,,,,,,,,,,,,,,,,1976464.625
103.5,,,,,,,,,,,,,,,,,,,1976624.625
103.6,,,,,,,,,,,,,,,,,,,1976844.625
103.7,,,,,,,,,,,,,,,,,,,1976734.25
103.8,,,,,,,,,,,,,,,,,,,1976758.125
103.9,,,,,,,,,,,,,,,,,,,1976706.875
104,,,,,,,,,,,,,,,,,,,1976805
104.1,,,,,,,,,,,,,,,,,,,1976755.75
104.2,,,,,,,,,,,,,,,,,,,1976817.875
104.3,,,,,,,,,,,,,,,,,,,1976538.375
104.4,,,,,,,,,,,,,,,,,,,1976634
104.5,,,,,,,,,,,,,,,,,,,1976491.25
104.6,,,,,,,,,,,,,,,,,,,1976547.125
104.7,,,,,,,,,,,,,,,,,,,1976223.75
104.8,,,,,,,,,,,,,,,,,,,1976061.25
104.9,,,,,,,,,,,,,,,,,,,1976106.5
105,,,,,,,,,,,,,,,,,,,1976151.625
105.1,,,,,,,,,,,,,,,,,,,1976123
105.2,,,,,,,,,,,,,,,,,,,1976232.75
105.3,,,,,,,,,,,,,,,,,,,1976321.125
105.4,,,,,,,,,,,,,,,,,,,1976041.375
105.5,,,,,,,,,,,,,,,,,,,1976229.75
105.6,,,,,,,,,,,,,,,,,,,1976313.75
105.7,,,,,,,,,,,,,,,,,,,1976289.375
105.8,,,,,,,,,,,,,,,,,,,1976340.875
105.9,,,,,,,,,,,,,,,,,,,1976602.75
106,,,,,,,,,,,,,,,,,,,1976455.625
106.1,,,,,,,,,,,,,,,,,,,1976370.375
106.2,,,,,,,,,,,,,,,,,,,1976349.5
106.3,,,,,,,,,,,,,,,,,,,1976381.625
106.4,,,,,,,,,,,,,,,,,,,1976413.75
106.5,,,,,,,,,,,,,,,,,,,1976390.375
106.6,,,,,,,,,,,,,,,,,,,1976367
106.7,,,,,,,,,,,,,,,,,,,1976411
106.8,,,,,,,,,,,,,,,,,,,1976455.125
106.9,,,,,,,,,,,,,,,,,,,2138023
107,,,,,,,,,,,,,,,,,,,2140409.25
107.1,,,,,,,,,,,,,,,,,,,2140229.5
107.2,,,,,,,,,,,,,,,,,,,2140297.75
107.3,,,,,,,,,,,,,,,,,,,2140230
107.4,,,,,,,,,,,,,,,,,,,2140104.5
107.5,,,,,,,,,,,,,,,,,,,2140110
107.6,,,,,,,,,,,,,,,,,,,2140203
107.7,,,,,,,,,,,,,,,,,,,2140018.25
107.8,,,,,,,,,,,,,,,,,,,2140297.75
107.9,,,,,,,,,,,,,,,,,,,2140172
108,,,,,,,,,,,,,,,,,,,2139952
108.1,,,,,,,,,,,,,,,,,,,2140065
108.2,,,,,,,,,,,,,,,,,,,2140020
108.3,,,,,,,,,,,,,,,,,,,2140071.25
108.4,,,,,,,,,,,,,,,,,,,2139891.75
108.5,,,,,,,,,,,,,,,,,,,2139898.5
108.6,,,,,,,,,,,,,,,,,,,2139612.75
108.7,,,,,,,,,,,,,,,,,,,2139757.75
108.8,,,,,,,,,,,,,,,,,,,2139946
108.9,,,,,,,,,,,,,,,,,,,2139912
109,,,,,,,,,,,,,,,,,,,2139823.75
109.1,,,,,,,,,,,,,,,,,,,2139882
109.2,,,,,,,,,,,,,,,,,,,2139841.25
109.3,,,,,,,,,,,,,,,,,,,2139891.5
109.4,,,,,,,,,,,,,,,,,,,2139799.25
109.5,,,,,,,,,,,,,,,,,,,2139798.25
109.6,,,,,,,,,,,,,,,,,,,2139886.5
109.7,,,,,,,,,,,,,,,,,,,2139576.25
109.8,,,,,,,,,,,,,,,,,,,2139743.5
109.9,,,,,,,,,,,,,,,,,,,2139529
110,,,,,,,,,,,,,,,,,,,2139583.25
110.1,,,,,,,,,,,,,,,,,,,2139436.75
110.2,,,,,,,,,,,,,,,,,,,2139268
110.3,,,,,,,,,,,,,,,,,,,2139242
110.4,,,,,,,,,,,,,,,,,,,2138882.5
110.5,,,,,,,,,,,,,,,,,,,2139143
110.6,,,,,,,,,,,,,,,,,,,2138917.5
110.7,,,,,,,,,,,,,,,,,,,2138649.75
110.8,,,,,,,,,,,,,,,,,,,2138609.5
110.9,,,,,,,,,,,,,,,,,,,2138754.25
111,,,,,,,,,,,,,,,,,,,2138547.75
111.1,,,,,,,,,,,,,,,,,,,2138249.75
111.2,,,,,,,,,,,,,,,,,,,2138422
111.3,,,,,,,,,,,,,,,,,,,2138106.5
111.4,,,,,,,,,,,,,,,,,,,2138028
111.5,,,,,,,,,,,,,,,,,,,2137808.5
111.6,,,,,,,,,,,,,,,,,,,2137854
111.7,,,,,,,,,,,,,,,,,,,2137846
111.8,,,,,,,,,,,,,,,,,,,2137578
111.9,,,,,,,,,,,,,,,,,,,2137482
112,,,,,,,,,,,,,,,,,,,2137235
112.1,,,,,,,,,,,,,,,,,,,2137192
112.2,,,,,,,,,,,,,,,,,,,2137160.75
112.3,,,,,,,,,,,,,,,,,,,2137028.25
112.4,,,,,,,,,,,,,,,,,,,2137072.25
112.5,,,,,,,,,,,,,,,,,,,2136997.75
112.6,,,,,,,,,,,,,,,,,,,2136943.5
112.7,,,,,,,,,,,,,,,,,,,2136929.25
112.8,,,,,,,,,,,,,,,,,,,2136851.5
112.9,,,,,,,,,,,,,,,,,,,2137001.5
113,,,,,,,,,,,,,,,,,,,2136967.75
113.1,,,,,,,,,,,,,,,,,,,2136952
113.2,,,,,,,,,,,,,,,,,,,2136810
113.3,,,,,,,,,,,,,,,,,,,2136787.75
113.4,,,,,,,,,,,,,,,,,,,2137035.5
113.5,,,,,,,,,,,,,,,,,,,2137136.75
113.6,,,,,,,,,,,,,,,,,,,2137185.75
113.7,,,,,,,,,,,,,,,,,,,2137331
113.8,,,,,,,,,,,,,,,,,,,2137142.75
113.9,,,,,,,,,,,,,,,,,,,2137361
114,,,,,,,,,,,,,,,,,,,2137394.75
114.1,,,,,,,,,,,,,,,,,,,2137449.25
114.2,,,,,,,,,,,,,,,,,,,2137461.5
114.3,,,,,,,,,,,,,,,,,,,2137473.75
114.4,,,,,,,,,,,,,,,,,,,2137636
114.5,,,,,,,,,,,,,,,,,,,2137798
114.6,,,,,,,,,,,,,,,,,,,2137861.25
114.7,,,,,,,,,,,,,,,,,,,2137924.75
114.8,,,,,,,,,,,,,,,,,,,2297867
114.9,,,,,,,,,,,,,,,,,,,2299376
115,,,,,,,,,,,,,,,,,,,2299491
115.1,,,,,,,,,,,,,,,,,,,2299344.25
115.2,,,,,,,,,,,,,,,,,,,2299681.25
115.3,,,,,,,,,,,,,,,,,,,2299606
115.4,,,,,,,,,,,,,,,,,,,2299687.75
115.5,,,,,,,,,,,,,,,,,,,2299866.75
115.6,,,,,,,,,,,,,,,,,,,2299843.75
115.7,,,,,,,,,,,,,,,,,,,2299877
115.8,,,,,,,,,,,,,,,,,,,2299709.75
115.9,,,,,,,,,,,,,,,,,,,2299726.5
116,,,,,,,,,,,,,,,,,,,2299718.5
116.1,,,,,,,,,,,,,,,,,,,2299883.75
116.2,,,,,,,,,,,,,,,,,,,2299951.25
116.3,,,,,,,,,,,,,,,,,,,2299926.5
116.4,,,,,,,,,,,,,,,,,,,2300176.5
116.5,,,,,,,,,,,,,,,,,,,2300176.5
116.6,,,,,,,,,,,,,,,,,,,2300420
116.7,,,,,,,,,,,,,,,,,,,2300497.5
116.8,,,,,,,,,,,,,,,,,,,2300534.25
116.9,,,,,,,,,,,,,,,,,,,2300818.5
117,,,,,,,,,,,,,,,,,,,2300777.25
117.1,,,,,,,,,,,,,,,,,,,2300611.5
117.2,,,,,,,,,,,,,,,,,,,2300600
117.3,,,,,,,,,,,,,,,,,,,2300530
117.4,,,,,,,,,,,,,,,,,,,2300457
117.5,,,,,,,,,,,,,,,,,,,2300368.75
117.6,,,,,,,,,,,,,,,,,,,2300285
117.7,,,,,,,,,,,,,,,,,,,2300475.25
117.8,,,,,,,,,,,,,,,,,,,2300489.75
117.9,,,,,,,,,,,,,,,,,,,2300059.75
118,,,,,,,,,,,,,,,,,,,2300334.75
118.1,,,,,,,,,,,,,,,,,,,2300783.5
118.2,,,,,,,,,,,,,,,,,,,2300535.25
118.3,,,,,,,,,,,,,,,,,,,2300609.25
118.4,,,,,,,,,,,,,,,,,,,2300180
118.5,,,,,,,,,,,,,,,,,,,2300063.5
118.6,,,,,,,,,,,,,,,,,,,2300038.75
118.7,,,,,,,,,,,,,,,,,,,2299954
118.8,,,,,,,,,,,,,,,,,,,2299911
118.9,,,,,,,,,,,,,,,,,,,2299457.75
119,,,,,,,,,,,,,,,,,,,2299737.5
119.1,,,,,,,,,,,,,,,,,,,2299223.5
119.2,,,,,,,,,,,,,,,,,,,2299438.75
119.3,,,,,,,,,,,,,,,,,,,2299514.5
119.4,,,,,,,,,,,,,,,,,,,2298922.25
119.5,,,,,,,,,,,,,,,,,,,2299057.75
119.6,,,,,,,,,,,,,,,,,,,2298896.25
119.7,,,,,,,,,,,,,,,,,,,2298878
119.8,,,,,,,,,,,,,,,,,,,2298688.25
119.9,,,,,,,,,,,,,,,,,,,2298558.75
120,,,,,,,,,,,,,,,,,,,2298372.25
120.1,,,,,,,,,,,,,,,,,,,2298273.75
120.2,,,,,,,,,,,,,,,,,,,2298232.75
120.3,,,,,,,,,,,,,,,,,,,2298315.75
120.4,,,,,,,,,,,,,,,,,,,2298047
120.5,,,,,,,,,,,,,,,,,,,2298050.25
120.6,,,,,,,,,,,,,,,,,,,2298053.5
120.7,,,,,,,,,,,,,,,,,,,2298019
120.8,,,,,,,,,,,,,,,,,,,2297911.25
120.9,,,,,,,,,,,,,,,,,,,2297935
121,,,,,,,,,,,,,,,,,,,2298089.5
121.1,,,,,,,,,,,,,,,,,,,2298275.75
121.2,,,,,,,,,,,,,,,,,,,2298163.25
121.3,,,,,,,,,,,,,,,,,,,2298392.75
121.4,,,,,,,,,,,,,,,,,,,2298273
121.5,,,,,,,,,,,,,,,,,,,2298327.25
121.6,,,,,,,,,,,,,,,,,,,2298672.5
121.7,,,,,,,,,,,,,,,,,,,2298485.25
121.8,,,,,,,,,,,,,,,,,,,2298549.5
121.9,,,,,,,,,,,,,,,,,,,2298566.25
122,,,,,,,,,,,,,,,,,,,2298488.5
122.1,,,,,,,,,,,,,,,,,,,2298430.75
122.2,,,,,,,,,,,,,,,,,,,2298420.75
122.3,,,,,,,,,,,,,,,,,,,2298390.25
122.4,,,,,,,,,,,,,,,,,,,2298508.5
122.5,,,,,,,,,,,,,,,,,,,2298447.5
122.6,,,,,,,,,,,,,,,,,,,2298251.75
122.7,,,,,,,,,,,,,,,,,,,2298480
122.8,,,,,,,,,,,,,,,,,,,2298420.25
122.9,,,,,,,,,,,,,,,,,,,2298357.25
123,,,,,,,,,,,,,,,,,,,2298135.75
123.1,,,,,,,,,,,,,,,,,,,2298064.25
123.2,,,,,,,,,,,,,,,,,,,2298082.75
123.3,,,,,,,,,,,,,,,,,,,2298062.75
123.4,,,,,,,,,,,,,,,,,,,2298184.75
123.5,,,,,,,,,,,,,,,,,,,2298022.75
123.6,,,,,,,,,,,,,,,,,,,2298004.25
123.7,,,,,,,,,,,,,,,,,,,2298084
123.8,,,,,,,,,,,,,,,,,,,2298125.5
123.9,,,,,,,,,,,,,,,,,,,2298216.5
124,,,,,,,,,,,,,,,,,,,2298260.75
124.1,,,,,,,,,,,,,,,,,,,2298348
124.2,,,,,,,,,,,,,,,,,,,2298297
124.3,,,,,,,,,,,,,,,,,,,2298479.25
124.4,,,,,,,,,,,,,,,,,,,2298449.5
124.5,,,,,,,,,,,,,,,,,,,2298388
124.6,,,,,,,,,,,,,,,,,,,2298345.5
124.7,,,,,,,,,,,,,,,,,,,2298539.5
124.8,,,,,,,,,,,,,,,,,,,2298380
124.9,,,,,,,,,,,,,,,,,,,2298782
125,,,,,,,,,,,,,,,,,,,2298931.75
125.1,,,,,,,,,,,,,,,,,,,2298667.5
125.2,,,,,,,,,,,,,,,,,,,2298741.25
125.3,,,,,,,,,,,,,,,,,,,2298713.25
125.4,,,,,,,,,,,,,,,,,,,2298636.75
125.5,,,,,,,,,,,,,,,,,,,2298763.75
125.6,,,,,,,,,,,,,,,,,,,2298766.75
125.7,,,,,,,,,,,,,,,,,,,2298703.25
125.8,,,,,,,,,,,,,,,,,,,2298766.75
125.9,,,,,,,,,,,,,,,,,,,2298845.25
126,,,,,,,,,,,,,,,,,,,2298821.25
126.1,,,,,,,,,,,,,,,,,,,2299086
126.2,,,,,,,,,,,,,,,,,,,2298889.25
126.3,,,,,,,,,,,,,,,,,,,2298810
126.4,,,,,,,,,,,,,,,,,,,2298758
126.5,,,,,,,,,,,,,,,,,,,2298674.75
126.6,,,,,,,,,,,,,,,,,,,2298648.75
126.7,,,,,,,,,,,,,,,,,,,2298846.75
126.8,,,,,,,,,,,,,,,,,,,2298809.25
126.9,,,,,,,,,,,,,,,,,,,2298744.75
127,,,,,,,,,,,,,,,,,,,2298696.25
127.1,,,,,,,,,,,,,,,,,,,2298736.5
127.2,,,,,,,,,,,,,,,,,,,2298776.75
127.3,,,,,,,,,,,,,,,,,,,2298817
127.4,,,,,,,,,,,,,,,,,,,2298722.75
127.5,,,,,,,,,,,,,,,,,,,2298628.75
127.6,,,,,,,,,,,,,,,,,,,2298547
127.7,,,,,,,,,,,,,,,,,,,2298465.5
127.8,,,,,,,,,,,,,,,,,,,2452059.5
127.9,,,,,,,,,,,,,,,,,,,2454094.5
128,,,,,,,,,,,,,,,,,,,2454059
128.1,,,,,,,,,,,,,,,,,,,2453965.25
128.2,,,,,,,,,,,,,,,,,,,2454154
128.3,,,,,,,,,,,,,,,,,,,2454170.5
128.4,,,,,,,,,,,,,,,,,,,2454283.25
128.5,,,,,,,,,,,,,,,,,,,2454350.25
128.6,,,,,,,,,,,,,,,,,,,2454690.25
128.7,,,,,,,,,,,,,,,,,,,2454479.5
128.8,,,,,,,,,,,,,,,,,,,2454522.5
128.9,,,,,,,,,,,,,,,,,,,2454767.5
129,,,,,,,,,,,,,,,,,,,2454582.5
129.1,,,,,,,,,,,,,,,,,,,2454790.5
129.2,,,,,,,,,,,,,,,,,,,2455008.25
129.3,,,,,,,,,,,,,,,,,,,2455089.75
129.4,,,,,,,,,,,,,,,,,,,2454954
129.5,,,,,,,,,,,,,,,,,,,2454983.25
129.6,,,,,,,,,,,,,,,,,,,2455373
129.7,,,,,,,,,,,,,,,,,,,2455112.5
129.8,,,,,,,,,,,,,,,,,,,2455028
129.9,,,,,,,,,,,,,,,,,,,2455180.5
130,,,,,,,,,,,,,,,,,,,2455086.5
130.1,,,,,,,,,,,,,,,,,,,2455143.5
130.2,,,,,,,,,,,,,,,,,,,2455261.25
130.3,,,,,,,,,,,,,,,,,,,2455599.75
130.4,,,,,,,,,,,,,,,,,,,2455668
130.5,,,,,,,,,,,,,,,,,,,2455797.25
130.6,,,,,,,,,,,,,,,,,,,2455589.5
130.7,,,,,,,,,,,,,,,,,,,2455778.25
130.8,,,,,,,,,,,,,,,,,,,2455782
130.9,,,,,,,,,,,,,,,,,,,2455932.5
131,,,,,,,,,,,,,,,,,,,2455763.5
131.1,,,,,,,,,,,,,,,,,,,2455746.5
131.2,,,,,,,,,,,,,,,,,,,2455706.75
131.3,,,,,,,,,,,,,,,,,,,2455541.25
131.4,,,,,,,,,,,,,,,,,,,2455763.25
131.5,,,,,,,,,,,,,,,,,,,2455464.25
131.6,,,,,,,,,,,,,,,,,,,2455762.75
131.7,,,,,,,,,,,,,,,,,,,2455555.75
131.8,,,,,,,,,,,,,,,,,,,2455461
131.9,,,,,,,,,,,,,,,,,,,2455460.5
132,,,,,,,,,,,,,,,,,,,2455388.25
132.1,,,,,,,,,,,,,,,,,,,2455381
132.2,,,,,,,,,,,,,,,,,,,2455323.75
132.3,,,,,,,,,,,,,,,,,,,2455373.25
132.4,,,,,,,,,,,,,,,,,,,2455273.75
132.5,,,,,,,,,,,,,,,,,,,2455302
132.6,,,,,,,,,,,,,,,,,,,2455274
132.7,,,,,,,,,,,,,,,,,,,2455101
132.8,,,,,,,,,,,,,,,,,,,2455185.5
132.9,,,,,,,,,,,,,,,,,,,2455247.25
133,,,,,,,,,,,,,,,,,,,2455234.75
133.1,,,,,,,,,,,,,,,,,,,2455093.5
133.2,,,,,,,,,,,,,,,,,,,2454934
133.3,,,,,,,,,,,,,,,,,,,2454619.75
133.4,,,,,,,,,,,,,,,,,,,2454730.25
133.5,,,,,,,,,,,,,,,,,,,2454758.75
133.6,,,,,,,,,,,,,,,,,,,2454597.5
133.7,,,,,,,,,,,,,,,,,,,2454592
133.8,,,,,,,,,,,,,,,,,,,2454334.25
133.9,,,,,,,,,,,,,,,,,,,2454222.5
134,,,,,,,,,,,,,,,,,,,2454739
134.1,,,,,,,,,,,,,,,,,,,2454683.5
134.2,,,,,,,,,,,,,,,,,,,2454628
134.3,,,,,,,,,,,,,,,,,,,2454692.75
134.4,,,,,,,,,,,,,,,,,,,2454337
134.5,,,,,,,,,,,,,,,,,,,2454499.75
134.6,,,,,,,,,,,,,,,,,,,2454407.25
134.7,,,,,,,,,,,,,,,,,,,2454436.25
134.8,,,,,,,,,,,,,,,,,,,2454527.25
134.9,,,,,,,,,,,,,,,,,,,2454479.75
135,,,,,,,,,,,,,,,,,,,2454827.75
135.1,,,,,,,,,,,,,,,,,,,2454357.25
135.2,,,,,,,,,,,,,,,,,,,2454240
135.3,,,,,,,,,,,,,,,,,,,2454479.25
135.4,,,,,,,,,,,,,,,,,,,2454340.5
135.5,,,,,,,,,,,,,,,,,,,2453890.25
135.6,,,,,,,,,,,,,,,,,,,2454379.25
135.7,,,,,,,,,,,,,,,,,,,2454338.25
135.8,,,,,,,,,,,,,,,,,,,2454251.5
135.9,,,,,,,,,,,,,,,,,,,2454400.25
136,,,,,,,,,,,,,,,,,,,2454154.75
136.1,,,,,,,,,,,,,,,,,,,2454248.5
136.2,,,,,,,,,,,,,,,,,,,2454152.25
136.3,,,,,,,,,,,,,,,,,,,2454227
136.4,,,,,,,,,,,,,,,,,,,2454037.5
136.5,,,,,,,,,,,,,,,,,,,2454026.75
136.6,,,,,,,,,,,,,,,,,,,2453647.75
136.7,,,,,,,,,,,,,,,,,,,2453744.5
136.8,,,,,,,,,,,,,,,,,,,2453896
136.9,,,,,,,,,,,,,,,,,,,2453891.75
137,,,,,,,,,,,,,,,,,,,2453785.75
137.1,,,,,,,,,,,,,,,,,,,2453826.75
137.2,,,,,,,,,,,,,,,,,,,2453648.25
137.3,,,,,,,,,,,,,,,,,,,2453655.25
137.4,,,,,,,,,,,,,,,,,,,2453662.25
137.5,,,,,,,,,,,,,,,,,,,2453490.5
137.6,,,,,,,,,,,,,,,,,,,2453318.75
137.7,,,,,,,,,,,,,,,,,,,2453326.75
137.8,,,,,,,,,,,,,,,,,,,2453334.75
137.9,,,,,,,,,,,,,,,,,,,2601897.5
138,,,,,,,,,,,,,,,,,,,2604597
138.1,,,,,,,,,,,,,,,,,,,2604615
138.2,,,,,,,,,,,,,,,,,,,2604691.75
138.3,,,,,,,,,,,,,,,,,,,2604628.25
138.4,,,,,,,,,,,,,,,,,,,2604743.25
138.5,,,,,,,,,,,,,,,,,,,2604957
138.6,,,,,,,,,,,,,,,,,,,2604867
138.7,,,,,,,,,,,,,,,,,,,2604829.25
138.8,,,,,,,,,,,,,,,,,,,2604791.5
138.9,,,,,,,,,,,,,,,,,,,2604754
139,,,,,,,,,,,,,,,,,,,2604962
139.1,,,,,,,,,,,,,,,,,,,2605170.25
139.2,,,,,,,,,,,,,,,,,,,2605134.5
139.3,,,,,,,,,,,,,,,,,,,2605098.5
139.4,,,,,,,,,,,,,,,,,,,2604859.5
139.5,,,,,,,,,,,,,,,,,,,2604791
139.6,,,,,,,,,,,,,,,,,,,2604805.5
139.7,,,,,,,,,,,,,,,,,,,2604564.25
139.8,,,,,,,,,,,,,,,,,,,2604542.5
139.9,,,,,,,,,,,,,,,,,,,2604771.5
140,,,,,,,,,,,,,,,,,,,2604468.75
140.1,,,,,,,,,,,,,,,,,,,2604256.25
140.2,,,,,,,,,,,,,,,,,,,2604441.25
140.3,,,,,,,,,,,,,,,,,,,2604113.25
140.4,,,,,,,,,,,,,,,,,,,2604003.5
140.5,,,,,,,,,,,,,,,,,,,2603954.75
140.6,,,,,,,,,,,,,,,,,,,2603683.25
140.7,,,,,,,,,,,,,,,,,,,2603752
140.8,,,,,,,,,,,,,,,,,,,2603304
140.9,,,,,,,,,,,,,,,,,,,2603362.25
141,,,,,,,,,,,,,,,,,,,2603420.5
141.1,,,,,,,,,,,,,,,,,,,2603478.75
141.2,,,,,,,,,,,,,,,,,,,2603208
141.3,,,,,,,,,,,,,,,,,,,2602937.5
141.4,,,,,,,,,,,,,,,,,,,2602873.5
141.5,,,,,,,,,,,,,,,,,,,2602809.5
141.6,,,,,,,,,,,,,,,,,,,2602512
141.7,,,,,,,,,,,,,,,,,,,2602448
141.8,,,,,,,,,,,,,,,,,,,2602273
141.9,,,,,,,,,,,,,,,,,,,2602266.75
142,,,,,,,,,,,,,,,,,,,2601817.5
142.1,,,,,,,,,,,,,,,,,,,2601861
142.2,,,,,,,,,,,,,,,,,,,2602010.25
142.3,,,,,,,,,,,,,,,,,,,2602193.5
142.4,,,,,,,,,,,,,,,,,,,2601829
142.5,,,,,,,,,,,,,,,,,,,2601749.5
142.6,,,,,,,,,,,,,,,,,,,2602071.75
142.7,,,,,,,,,,,,,,,,,,,2602260.75
142.8,,,,,,,,,,,,,,,,,,,2601909
142.9,,,,,,,,,,,,,,,,,,,2602375.5
143,,,,,,,,,,,,,,,,,,,2602445.5
143.1,,,,,,,,,,,,,,,,,,,2602515.25
143.2,,,,,,,,,,,,,,,,,,,2602430.75
143.3,,,,,,,,,,,,,,,,,,,2602428.5
143.4,,,,,,,,,,,,,,,,,,,2602514.75
143.5,,,,,,,,,,,,,,,,,,,2602730.25
143.6,,,,,,,,,,,,,,,,,,,2602862
143.7,,,,,,,,,,,,,,,,,,,2603149.25
143.8,,,,,,,,,,,,,,,,,,,2603364.75
143.9,,,,,,,,,,,,,,,,,,,2603605.75
144,,,,,,,,,,,,,,,,,,,2603606.5
144.1,,,,,,,,,,,,,,,,,,,2603836.75
144.2,,,,,,,,,,,,,,,,,,,2604150
144.3,,,,,,,,,,,,,,,,,,,2604490.25
144.4,,,,,,,,,,,,,,,,,,,2604687.25
144.5,,,,,,,,,,,,,,,,,,,2604945.5
144.6,,,,,,,,,,,,,,,,,,,2605018.5
144.7,,,,,,,,,,,,,,,,,,,2605300.75
144.8,,,,,,,,,,,,,,,,,,,2605320.75
144.9,,,,,,,,,,,,,,,,,,,2605570
145,,,,,,,,,,,,,,,,,,,2605687.25
145.1,,,,,,,,,,,,,,,,,,,2606052
145.2,,,,,,,,,,,,,,,,,,,2606243
145.3,,,,,,,,,,,,,,,,,,,2606688
145.4,,,,,,,,,,,,,,,,,,,2606661.25
145.5,,,,,,,,,,,,,,,,,,,2606787.5
145.6,,,,,,,,,,,,,,,,,,,2607074
145.7,,,,,,,,,,,,,,,,,,,2607270.5
145.8,,,,,,,,,,,,,,,,,,,2607349.75
145.9,,,,,,,,,,,,,,,,,,,2607534.75
146,,,,,,,,,,,,,,,,,,,2607500.25
146.1,,,,,,,,,,,,,,,,,,,2607593.75
146.2,,,,,,,,,,,,,,,,,,,2607723
146.3,,,,,,,,,,,,,,,,,,,2607850.75
146.4,,,,,,,,,,,,,,,,,,,2607578.75
146.5,,,,,,,,,,,,,,,,,,,2607574.25
146.6,,,,,,,,,,,,,,,,,,,2607767
146.7,,,,,,,,,,,,,,,,,,,2608065.5
146.8,,,,,,,,,,,,,,,,,,,2607919.5
146.9,,,,,,,,,,,,,,,,,,,2607884.5
147,,,,,,,,,,,,,,,,,,,2607810.5
147.1,,,,,,,,,,,,,,,,,,,2607736.25
147.2,,,,,,,,,,,,,,,,,,,2607662.25
147.3,,,,,,,,,,,,,,,,,,,2607484
147.4,,,,,,,,,,,,,,,,,,,2607305.75
147.5,,,,,,,,,,,,,,,,,,,2607293.5
147.6,,,,,,,,,,,,,,,,,,,2607281.25
147.7,,,,,,,,,,,,,,,,,,,2607269
147.8,,,,,,,,,,,,,,,,,,,2751355.75
147.9,,,,,,,,,,,,,,,,,,,2751442.5
148,,,,,,,,,,,,,,,,,,,2751087.25
148.1,,,,,,,,,,,,,,,,,,,2751032.25
148.2,,,,,,,,,,,,,,,,,,,2750949.5
148.3,,,,,,,,,,,,,,,,,,,2750635.25
148.4,,,,,,,,,,,,,,,,,,,2750277.5
148.5,,,,,,,,,,,,,,,,,,,2750297
148.6,,,,,,,,,,,,,,,,,,,2750008.25
148.7,,,,,,,,,,,,,,,,,,,2749784
148.8,,,,,,,,,,,,,,,,,,,2749922.25
148.9,,,,,,,,,,,,,,,,,,,2749742
149,,,,,,,,,,,,,,,,,,,2749543.5
149.1,,,,,,,,,,,,,,,,,,,2749195.25
149.2,,,,,,,,,,,,,,,,,,,2748757.75
149.3,,,,,,,,,,,,,,,,,,,2748372.75
149.4,,,,,,,,,,,,,,,,,,,2748135.75
149.5,,,,,,,,,,,,,,,,,,,2747993.25
149.6,,,,,,,,,,,,,,,,,,,2747888.75
149.7,,,,,,,,,,,,,,,,,,,2747783.5
149.8,,,,,,,,,,,,,,,,,,,2747639.75
149.9,,,,,,,,,,,,,,,,,,,2747489.5
150,,,,,,,,,,,,,,,,,,,2747306.75
150.1,,,,,,,,,,,,,,,,,,,2747004.25
150.2,,,,,,,,,,,,,,,,,,,2747138.5
150.3,,,,,,,,,,,,,,,,,,,2747069.75
150.4,,,,,,,,,,,,,,,,,,,2747008
150.5,,,,,,,,,,,,,,,,,,,2747021.5
150.6,,,,,,,,,,,,,,,,,,,2746797.5
150.7,,,,,,,,,,,,,,,,,,,2746720.5
150.8,,,,,,,,,,,,,,,,,,,2746930.25
150.9,,,,,,,,,,,,,,,,,,,2746718.75
151,,,,,,,,,,,,,,,,,,,2746883
151.1,,,,,,,,,,,,,,,,,,,2746821.75
151.2,,,,,,,,,,,,,,,,,,,2746872.75
151.3,,,,,,,,,,,,,,,,,,,2746730.75
151.4,,,,,,,,,,,,,,,,,,,2747082.5
151.5,,,,,,,,,,,,,,,,,,,2747020
151.6,,,,,,,,,,,,,,,,,,,2747030.5
151.7,,,,,,,,,,,,,,,,,,,2747065.75
151.8,,,,,,,,,,,,,,,,,,,2747245.25
151.9,,,,,,,,,,,,,,,,,,,2746888.25
152,,,,,,,,,,,,,,,,,,,2747246.75
152.1,,,,,,,,,,,,,,,,,,,2747220.5
152.2,,,,,,,,,,,,,,,,,,,2747183
152.3,,,,,,,,,,,,,,,,,,,2747379.5
152.4,,,,,,,,,,,,,,,,,,,2747314
152.5,,,,,,,,,,,,,,,,,,,2747605.5
152.6,,,,,,,,,,,,,,,,,,,2747548.75
152.7,,,,,,,,,,,,,,,,,,,2747622
152.8,,,,,,,,,,,,,,,,,,,2747332
152.9,,,,,,,,,,,,,,,,,,,2747467
153,,,,,,,,,,,,,,,,,,,2747668.5
153.1,,,,,,,,,,,,,,,,,,,2747512
153.2,,,,,,,,,,,,,,,,,,,2747465.75
153.3,,,,,,,,,,,,,,,,,,,2747742.5
153.4,,,,,,,,,,,,,,,,,,,2747600.5
153.5,,,,,,,,,,,,,,,,,,,2747807.75
153.6,,,,,,,,,,,,,,,,,,,2747841.75
153.7,,,,,,,,,,,,,,,,,,,2747681.25
153.8,,,,,,,,,,,,,,,,,,,2747773.5
153.9,,,,,,,,,,,,,,,,,,,2747977.25
154,,,,,,,,,,,,,,,,,,,2748025.75
154.1,,,,,,,,,,,,,,,,,,,2747778.75
154.2,,,,,,,,,,,,,,,,,,,2747753.25
154.3,,,,,,,,,,,,,,,,,,,2747726.5
154.4,,,,,,,,,,,,,,,,,,,2747721
154.5,,,,,,,,,,,,,,,,,,,2747783.5
154.6,,,,,,,,,,,,,,,,,,,2747835.25
154.7,,,,,,,,,,,,,,,,,,,2747844
154.8,,,,,,,,,,,,,,,,,,,2747852.5
154.9,,,,,,,,,,,,,,,,,,,2747809.5
155,,,,,,,,,,,,,,,,,,,2747766.75
155.1,,,,,,,,,,,,,,,,,,,2747676.5
155.2,,,,,,,,,,,,,,,,,,,2747586.25
155.3,,,,,,,,,,,,,,,,,,,2882091
155.4,,,,,,,,,,,,,,,,,,,2882598
155.5,,,,,,,,,,,,,,,,,,,2882225.5
155.6,,,,,,,,,,,,,,,,,,,2882272.25
155.7,,,,,,,,,,,,,,,,,,,2882311.25
155.8,,,,,,,,,,,,,,,,,,,2882359.75
155.9,,,,,,,,,,,,,,,,,,,2882584.5
156,,,,,,,,,,,,,,,,,,,2882273.25
156.1,,,,,,,,,,,,,,,,,,,2882263.25
156.2,,,,,,,,,,,,,,,,,,,2882370.25
156.3,,,,,,,,,,,,,,,,,,,2882435
156.4,,,,,,,,,,,,,,,,,,,2882385
156.5,,,,,,,,,,,,,,,,,,,2882335.25
156.6,,,,,,,,,,,,,,,,,,,2882491.75
156.7,,,,,,,,,,,,,,,,,,,2882206.25
156.8,,,,,,,,,,,,,,,,,,,2882098.5
156.9,,,,,,,,,,,,,,,,,,,2882617
157,,,,,,,,,,,,,,,,,,,2882388.5
157.1,,,,,,,,,,,,,,,,,,,2882722.5
157.2,,,,,,,,,,,,,,,,,,,2882738
157.3,,,,,,,,,,,,,,,,,,,2882299
157.4,,,,,,,,,,,,,,,,,,,2882407.75
157.5,,,,,,,,,,,,,,,,,,,2882458.25
157.6,,,,,,,,,,,,,,,,,,,2882624.75
157.7,,,,,,,,,,,,,,,,,,,2882910.5
157.8,,,,,,,,,,,,,,,,,,,2883082.5
157.9,,,,,,,,,,,,,,,,,,,2883113
158,,,,,,,,,,,,,,,,,,,2883212.5
158.1,,,,,,,,,,,,,,,,,,,2883280
158.2,,,,,,,,,,,,,,,,,,,2883299.75
158.3,,,,,,,,,,,,,,,,,,,2883326.25
158.4,,,,,,,,,,,,,,,,,,,2883727.75
158.5,,,,,,,,,,,,,,,,,,,2883839.75
158.6,,,,,,,,,,,,,,,,,,,2883695.25
158.7,,,,,,,,,,,,,,,,,,,2883862.5
158.8,,,,,,,,,,,,,,,,,,,2883531.75
158.9,,,,,,,,,,,,,,,,,,,2883697.25
159,,,,,,,,,,,,,,,,,,,2883347.5
159.1,,,,,,,,,,,,,,,,,,,2883634.25
159.2,,,,,,,,,,,,,,,,,,,2883992.75
159.3,,,,,,,,,,,,,,,,,,,2884068.75
159.4,,,,,,,,,,,,,,,,,,,2883960.5
159.5,,,,,,,,,,,,,,,,,,,2883703.5
159.6,,,,,,,,,,,,,,,,,,,2883845
159.7,,,,,,,,,,,,,,,,,,,2883620
159.8,,,,,,,,,,,,,,,,,,,2883576.25
159.9,,,,,,,,,,,,,,,,,,,2883612
160,,,,,,,,,,,,,,,,,,,2883541.5
160.1,,,,,,,,,,,,,,,,,,,2883692.5
160.2,,,,,,,,,,,,,,,,,,,2883220.75
160.3,,,,,,,,,,,,,,,,,,,2883323
160.4,,,,,,,,,,,,,,,,,,,2883382.5
160.5,,,,,,,,,,,,,,,,,,,2883377.75
160.6,,,,,,,,,,,,,,,,,,,2883252
160.7,,,,,,,,,,,,,,,,,,,2883083.25
160.8,,,,,,,,,,,,,,,,,,,2883251.75
160.9,,,,,,,,,,,,,,,,,,,2882912.25
161,,,,,,,,,,,,,,,,,,,2883212.25
161.1,,,,,,,,,,,,,,,,,,,2882998.75
161.2,,,,,,,,,,,,,,,,,,,2883143
161.3,,,,,,,,,,,,,,,,,,,2882910.25
161.4,,,,,,,,,,,,,,,,,,,2883073.5
161.5,,,,,,,,,,,,,,,,,,,2883020
161.6,,,,,,,,,,,,,,,,,,,2882944
161.7,,,,,,,,,,,,,,,,,,,2882965.75
161.8,,,,,,,,,,,,,,,,,,,2882851
161.9,,,,,,,,,,,,,,,,,,,2882811
162,,,,,,,,,,,,,,,,,,,2882771
162.1,,,,,,,,,,,,,,,,,,,2882914.75
162.2,,,,,,,,,,,,,,,,,,,2882713.75
162.3,,,,,,,,,,,,,,,,,,,2882980
162.4,,,,,,,,,,,,,,,,,,,2883070.75
162.5,,,,,,,,,,,,,,,,,,,2883221.25
162.6,,,,,,,,,,,,,,,,,,,2883531.25
162.7,,,,,,,,,,,,,,,,,,,2883536.5
162.8,,,,,,,,,,,,,,,,,,,2883849.25
162.9,,,,,,,,,,,,,,,,,,,2883798.25
163,,,,,,,,,,,,,,,,,,,2883867.5
163.1,,,,,,,,,,,,,,,,,,,2883987.75
163.2,,,,,,,,,,,,,,,,,,,2883922.25
163.3,,,,,,,,,,,,,,,,,,,2883842.5
163.4,,,,,,,,,,,,,,,,,,,2883990.25
163.5,,,,,,,,,,,,,,,,,,,2884084.25
163.6,,,,,,,,,,,,,,,,,,,2884372.5
163.7,,,,,,,,,,,,,,,,,,,2884402
163.8,,,,,,,,,,,,,,,,,,,2884506.5
163.9,,,,,,,,,,,,,,,,,,,2884348.25
164,,,,,,,,,,,,,,,,,,,2884352
164.1,,,,,,,,,,,,,,,,,,,2884246.5
164.2,,,,,,,,,,,,,,,,,,,2884182.25
164.3,,,,,,,,,,,,,,,,,,,2884646.25
164.4,,,,,,,,,,,,,,,,,,,2884350
164.5,,,,,,,,,,,,,,,,,,,2884139.75
164.6,,,,,,,,,,,,,,,,,,,2883787
164.7,,,,,,,,,,,,,,,,,,,2884532.25
164.8,,,,,,,,,,,,,,,,,,,2884740.25
164.9,,,,,,,,,,,,,,,,,,,2884560
165,,,,,,,,,,,,,,,,,,,2884388.5
165.1,,,,,,,,,,,,,,,,,,,2884310.25
165.2,,,,,,,,,,,,,,,,,,,2884252.25
165.3,,,,,,,,,,,,,,,,,,,2884430.5
165.4,,,,,,,,,,,,,,,,,,,2884416
165.5,,,,,,,,,,,,,,,,,,,2884424.5
165.6,,,,,,,,,,,,,,,,,,,2884432.75
165.7,,,,,,,,,,,,,,,,,,,2884381.5
165.8,,,,,,,,,,,,,,,,,,,2884330.5
165.9,,,,,,,,,,,,,,,,,,,2884341.5
166,,,,,,,,,,,,,,,,,,,2884352.75
166.1,,,,,,,,,,,,,,,,,,,3011639.25
166.2,,,,,,,,,,,,,,,,,,,3012802.25
166.3,,,,,,,,,,,,,,,,,,,3012617
166.4,,,,,,,,,,,,,,,,,,,3012556.25
166.5,,,,,,,,,,,,,,,,,,,3012749.75
166.6,,,,,,,,,,,,,,,,,,,3012562
166.7,,,,,,,,,,,,,,,,,,,3012331.75
166.8,,,,,,,,,,,,,,,,,,,3012402.75
166.9,,,,,,,,,,,,,,,,,,,3012112.25
167,,,,,,,,,,,,,,,,,,,3012124.75
167.1,,,,,,,,,,,,,,,,,,,3011844
167.2,,,,,,,,,,,,,,,,,,,3011709.25
167.3,,,,,,,,,,,,,,,,,,,3012256.25
167.4,,,,,,,,,,,,,,,,,,,3012297.5
167.5,,,,,,,,,,,,,,,,,,,3012222.75
167.6,,,,,,,,,,,,,,,,,,,3012433.75
167.7,,,,,,,,,,,,,,,,,,,3012184.75
167.8,,,,,,,,,,,,,,,,,,,3012215.25
167.9,,,,,,,,,,,,,,,,,,,3012294.5
168,,,,,,,,,,,,,,,,,,,3012446.75
168.1,,,,,,,,,,,,,,,,,,,3013150.5
168.2,,,,,,,,,,,,,,,,,,,3012888.75
168.3,,,,,,,,,,,,,,,,,,,3012934.25
168.4,,,,,,,,,,,,,,,,,,,3012873.5
168.5,,,,,,,,,,,,,,,,,,,3013053
168.6,,,,,,,,,,,,,,,,,,,3013172.5
168.7,,,,,,,,,,,,,,,,,,,3013262.75
168.8,,,,,,,,,,,,,,,,,,,3013038.5
168.9,,,,,,,,,,,,,,,,,,,3013286
169,,,,,,,,,,,,,,,,,,,3013142.25
169.1,,,,,,,,,,,,,,,,,,,3013283
169.2,,,,,,,,,,,,,,,,,,,3013487.5
169.3,,,,,,,,,,,,,,,,,,,3013468.5
169.4,,,,,,,,,,,,,,,,,,,3013754.25
169.5,,,,,,,,,,,,,,,,,,,3013921.25
169.6,,,,,,,,,,,,,,,,,,,3013953.5
169.7,,,,,,,,,,,,,,,,,,,3014208.75
169.8,,,,,,,,,,,,,,,,,,,3014444.75
169.9,,,,,,,,,,,,,,,,,,,3014841.75
170,,,,,,,,,,,,,,,,,,,3014687.5
170.1,,,,,,,,,,,,,,,,,,,3014338.75
170.2,,,,,,,,,,,,,,,,,,,3014295.5
170.3,,,,,,,,,,,,,,,,,,,3014434.25
170.4,,,,,,,,,,,,,,,,,,,3014731.25
170.5,,,,,,,,,,,,,,,,,,,3014889.25
170.6,,,,,,,,,,,,,,,,,,,3014675
170.7,,,,,,,,,,,,,,,,,,,3014938.75
170.8,,,,,,,,,,,,,,,,,,,3015053.5
170.9,,,,,,,,,,,,,,,,,,,3015264
171,,,,,,,,,,,,,,,,,,,3015418
171.1,,,,,,,,,,,,,,,,,,,3015567.5
171.2,,,,,,,,,,,,,,,,,,,3015567.25
171.3,,,,,,,,,,,,,,,,,,,3016025.5
171.4,,,,,,,,,,,,,,,,,,,3016096.25
171.5,,,,,,,,,,,,,,,,,,,3015917
171.6,,,,,,,,,,,,,,,,,,,3016191.75
171.7,,,,,,,,,,,,,,,,,,,3016004.25
171.8,,,,,,,,,,,,,,,,,,,3015976.5
171.9,,,,,,,,,,,,,,,,,,,3016802.5
172,,,,,,,,,,,,,,,,,,,3016573.25
172.1,,,,,,,,,,,,,,,,,,,3016447.5
172.2,,,,,,,,,,,,,,,,,,,3016469
172.3,,,,,,,,,,,,,,,,,,,3016464.5
172.4,,,,,,,,,,,,,,,,,,,3016496.5
172.5,,,,,,,,,,,,,,,,,,,3016730.5
172.6,,,,,,,,,,,,,,,,,,,3016450
172.7,,,,,,,,,,,,,,,,,,,3016653.5
172.8,,,,,,,,,,,,,,,,,,,3016730.25
172.9,,,,,,,,,,,,,,,,,,,3016495.5
173,,,,,,,,,,,,,,,,,,,3016451
173.1,,,,,,,,,,,,,,,,,,,3016406.5
173.2,,,,,,,,,,,,,,,,,,,3016362
173.3,,,,,,,,,,,,,,,,,,,3016447
173.4,,,,,,,,,,,,,,,,,,,3016531.75
173.5,,,,,,,,,,,,,,,,,,,3016475
173.6,,,,,,,,,,,,,,,,,,,3016418
173.7,,,,,,,,,,,,,,,,,,,3134943.25
173.8,,,,,,,,,,,,,,,,,,,3136526.5
173.9,,,,,,,,,,,,,,,,,,,3136741.25
174,,,,,,,,,,,,,,,,,,,3136727.75
174.1,,,,,,,,,,,,,,,,,,,3136672.5
174.2,,,,,,,,,,,,,,,,,,,3136435
174.3,,,,,,,,,,,,,,,,,,,3136514.5
174.4,,,,,,,,,,,,,,,,,,,3136279.75
174.5,,,,,,,,,,,,,,,,,,,3136528.25
174.6,,,,,,,,,,,,,,,,,,,3136599
174.7,,,,,,,,,,,,,,,,,,,3136432.25
174.8,,,,,,,,,,,,,,,,,,,3136061.25
174.9,,,,,,,,,,,,,,,,,,,3136146.5
175,,,,,,,,,,,,,,,,,,,3136123.75
175.1,,,,,,,,,,,,,,,,,,,3136270
175.2,,,,,,,,,,,,,,,,,,,3136100.25
175.3,,,,,,,,,,,,,,,,,,,3136039
175.4,,,,,,,,,,,,,,,,,,,3136101.75
175.5,,,,,,,,,,,,,,,,,,,3135867.5
175.6,,,,,,,,,,,,,,,,,,,3136110.5
175.7,,,,,,,,,,,,,,,,,,,3136308.75
175.8,,,,,,,,,,,,,,,,,,,3135934.75
175.9,,,,,,,,,,,,,,,,,,,3135721
176,,,,,,,,,,,,,,,,,,,3135771.75
176.1,,,,,,,,,,,,,,,,,,,3135938.25
176.2,,,,,,,,,,,,,,,,,,,3135843
176.3,,,,,,,,,,,,,,,,,,,3135897.75
176.4,,,,,,,,,,,,,,,,,,,3135811.25
176.5,,,,,,,,,,,,,,,,,,,3135964.75
176.6,,,,,,,,,,,,,,,,,,,3135527.25
176.7,,,,,,,,,,,,,,,,,,,3135637
176.8,,,,,,,,,,,,,,,,,,,3135588.5
176.9,,,,,,,,,,,,,,,,,,,3135536.75
177,,,,,,,,,,,,,,,,,,,3135192.25
177.1,,,,,,,,,,,,,,,,,,,3135010.75
177.2,,,,,,,,,,,,,,,,,,,3134941.5
177.3,,,,,,,,,,,,,,,,,,,3134869.75
177.4,,,,,,,,,,,,,,,,,,,3134981.25
177.5,,,,,,,,,,,,,,,,,,,3134927.75
177.6,,,,,,,,,,,,,,,,,,,3134470.75
177.7,,,,,,,,,,,,,,,,,,,3134535.25
177.8,,,,,,,,,,,,,,,,,,,3134309.75
177.9,,,,,,,,,,,,,,,,,,,3134131.75
178,,,,,,,,,,,,,,,,,,,3134087
178.1,,,,,,,,,,,,,,,,,,,3133799.5
178.2,,,,,,,,,,,,,,,,,,,3133764.75
178.3,,,,,,,,,,,,,,,,,,,3133650.25
178.4,,,,,,,,,,,,,,,,,,,3133507.25
178.5,,,,,,,,,,,,,,,,,,,3133226.5
178.6,,,,,,,,,,,,,,,,,,,3133125.25
178.7,,,,,,,,,,,,,,,,,,,3133090.25
178.8,,,,,,,,,,,,,,,,,,,3132993
178.9,,,,,,,,,,,,,,,,,,,3133073.75
179,,,,,,,,,,,,,,,,,,,3132849.5
179.1,,,,,,,,,,,,,,,,,,,3132687
179.2,,,,,,,,,,,,,,,,,,,3132587.75
179.3,,,,,,,,,,,,,,,,,,,3132790
179.4,,,,,,,,,,,,,,,,,,,3132474.5
179.5,,,,,,,,,,,,,,,,,,,3132349.25
179.6,,,,,,,,,,,,,,,,,,,3132314.5
179.7,,,,,,,,,,,,,,,,,,,3132221.25
179.8,,,,,,,,,,,,,,,,,,,3132049.25
179.9,,,,,,,,,,,,,,,,,,,3132004.5
180,,,,,,,,,,,,,,,,,,,3131978
180.1,,,,,,,,,,,,,,,,,,,3131707.75
180.2,,,,,,,,,,,,,,,,,,,3131947
180.3,,,,,,,,,,,,,,,,,,,3131949.5
180.4,,,,,,,,,,,,,,,,,,,3132124
180.5,,,,,,,,,,,,,,,,,,,3131947.75
180.6,,,,,,,,,,,,,,,,,,,3131980
180.7,,,,,,,,,,,,,,,,,,,3131841.25
180.8,,,,,,,,,,,,,,,,,,,3132061.5
180.9,,,,,,,,,,,,,,,,,,,3132049.5
181,,,,,,,,,,,,,,,,,,,3132037.25
181.1,,,,,,,,,,,,,,,,,,,3132025.25
181.2,,,,,,,,,,,,,,,,,,,3132076.5
181.3,,,,,,,,,,,,,,,,,,,3132127.5
181.4,,,,,,,,,,,,,,,,,,,3132158
181.5,,,,,,,,,,,,,,,,,,,3132188.25
181.6,,,,,,,,,,,,,,,,,,,3242075.5
181.7,,,,,,,,,,,,,,,,,,,3242680
181.8,,,,,,,,,,,,,,,,,,,3242715.5
181.9,,,,,,,,,,,,,,,,,,,3242751.25
182,,,,,,,,,,,,,,,,,,,3242760.25
182.1,,,,,,,,,,,,,,,,,,,3242769.25
182.2,,,,,,,,,,,,,,,,,,,3242764.75
182.3,,,,,,,,,,,,,,,,,,,3242760.25
182.4,,,,,,,,,,,,,,,,,,,3242902.25
182.5,,,,,,,,,,,,,,,,,,,3243044.5
182.6,,,,,,,,,,,,,,,,,,,3243018.25
182.7,,,,,,,,,,,,,,,,,,,3242922
182.8,,,,,,,,,,,,,,,,,,,3242642
182.9,,,,,,,,,,,,,,,,,,,3243154.5
183,,,,,,,,,,,,,,,,,,,3243360.25
183.1,,,,,,,,,,,,,,,,,,,3242844.25
183.2,,,,,,,,,,,,,,,,,,,3243009.75
183.3,,,,,,,,,,,,,,,,,,,3243118.25
183.4,,,,,,,,,,,,,,,,,,,3243389
183.5,,,,,,,,,,,,,,,,,,,3243282
183.6,,,,,,,,,,,,,,,,,,,3243382.75
183.7,,,,,,,,,,,,,,,,,,,3243411
183.8,,,,,,,,,,,,,,,,,,,3243814.75
183.9,,,,,,,,,,,,,,,,,,,3244012.75
184,,,,,,,,,,,,,,,,,,,3243846
184.1,,,,,,,,,,,,,,,,,,,3244414.75
184.2,,,,,,,,,,,,,,,,,,,3244274.25
184.3,,,,,,,,,,,,,,,,,,,3244258.75
184.4,,,,,,,,,,,,,,,,,,,3244431.5
184.5,,,,,,,,,,,,,,,,,,,3244541
184.6,,,,,,,,,,,,,,,,,,,3244813.25
184.7,,,,,,,,,,,,,,,,,,,3244811.75
184.8,,,,,,,,,,,,,,,,,,,3245014.25
184.9,,,,,,,,,,,,,,,,,,,3244728
185,,,,,,,,,,,,,,,,,,,3245186.5
185.1,,,,,,,,,,,,,,,,,,,3245230.25
185.2,,,,,,,,,,,,,,,,,,,3245207.75
185.3,,,,,,,,,,,,,,,,,,,3245081.25
185.4,,,,,,,,,,,,,,,,,,,3245098
185.5,,,,,,,,,,,,,,,,,,,3244906
185.6,,,,,,,,,,,,,,,,,,,3244914.25
185.7,,,,,,,,,,,,,,,,,,,3244998.5
185.8,,,,,,,,,,,,,,,,,,,3245365.25
185.9,,,,,,,,,,,,,,,,,,,3245053.75
186,,,,,,,,,,,,,,,,,,,3244982
186.1,,,,,,,,,,,,,,,,,,,3245180.5
186.2,,,,,,,,,,,,,,,,,,,3245200.5
186.3,,,,,,,,,,,,,,,,,,,3244967.75
186.4,,,,,,,,,,,,,,,,,,,3244873.25
186.5,,,,,,,,,,,,,,,,,,,3244649.5
186.6,,,,,,,,,,,,,,,,,,,3244696.5
186.7,,,,,,,,,,,,,,,,,,,3244587.5
186.8,,,,,,,,,,,,,,,,,,,3244496.25
186.9,,,,,,,,,,,,,,,,,,,3244488
187,,,,,,,,,,,,,,,,,,,3244263
187.1,,,,,,,,,,,,,,,,,,,3243881.25
187.2,,,,,,,,,,,,,,,,,,,3243978.25
187.3,,,,,,,,,,,,,,,,,,,3243918.25
187.4,,,,,,,,,,,,,,,,,,,3243878
187.5,,,,,,,,,,,,,,,,,,,3243616.25
187.6,,,,,,,,,,,,,,,,,,,3243551.5
187.7,,,,,,,,,,,,,,,,,,,3243318
187.8,,,,,,,,,,,,,,,,,,,3243068
187.9,,,,,,,,,,,,,,,,,,,3243045.5
188,,,,,,,,,,,,,,,,,,,3242594.25
188.1,,,,,,,,,,,,,,,,,,,3242608.25
188.2,,,,,,,,,,,,,,,,,,,3242663.5
188.3,,,,,,,,,,,,,,,,,,,3242274
188.4,,,,,,,,,,,,,,,,,,,3242191.25
188.5,,,,,,,,,,,,,,,,,,,3242053
188.6,,,,,,,,,,,,,,,,,,,3241943
188.7,,,,,,,,,,,,,,,,,,,3241949.5
188.8,,,,,,,,,,,,,,,,,,,3241997.25
188.9,,,,,,,,,,,,,,,,,,,3241971.5
189,,,,,,,,,,,,,,,,,,,3242001
189.1,,,,,,,,,,,,,,,,,,,3242030.5
189.2,,,,,,,,,,,,,,,,,,,3242060
189.3,,,,,,,,,,,,,,,,,,,3242077.75
189.4,,,,,,,,,,,,,,,,,,,3242095.25
189.5,,,,,,,,,,,,,,,,,,,3242056
189.6,,,,,,,,,,,,,,,,,,,3242016.5
189.7,,,,,,,,,,,,,,,,,,,3344026.75
189.8,,,,,,,,,,,,,,,,,,,3344464.75
189.9,,,,,,,,,,,,,,,,,,,3344690.75
190,,,,,,,,,,,,,,,,,,,3344663.5
190.1,,,,,,,,,,,,,,,,,,,3344316.75
190.2,,,,,,,,,,,,,,,,,,,3344472.5
190.3,,,,,,,,,,,,,,,,,,,3344296.75
190.4,,,,,,,,,,,,,,,,,,,3344438.75
190.5,,,,,,,,,,,,,,,,,,,3344369.5
190.6,,,,,,,,,,,,,,,,,,,3344498.75
190.7,,,,,,,,,,,,,,,,,,,3344640.25
190.8,,,,,,,,,,,,,,,,,,,3344766
190.9,,,,,,,,,,,,,,,,,,,3344431.75
191,,,,,,,,,,,,,,,,,,,3344707.25
191.1,,,,,,,,,,,,,,,,,,,3344879.5
191.2,,,,,,,,,,,,,,,,,,,3345076
191.3,,,,,,,,,,,,,,,,,,,3345258.75
191.4,,,,,,,,,,,,,,,,,,,3345511.25
191.5,,,,,,,,,,,,,,,,,,,3345320.5
191.6,,,,,,,,,,,,,,,,,,,3345618.5
191.7,,,,,,,,,,,,,,,,,,,3345790
191.8,,,,,,,,,,,,,,,,,,,3345809.25
191.9,,,,,,,,,,,,,,,,,,,3345866.5
192,,,,,,,,,,,,,,,,,,,3345920.5
192.1,,,,,,,,,,,,,,,,,,,3346007.25
192.2,,,,,,,,,,,,,,,,,,,3346133
192.3,,,,,,,,,,,,,,,,,,,3346258.75
192.4,,,,,,,,,,,,,,,,,,,3346645.25
192.5,,,,,,,,,,,,,,,,,,,3346753.25
192.6,,,,,,,,,,,,,,,,,,,3347073.5
192.7,,,,,,,,,,,,,,,,,,,3347078
192.8,,,,,,,,,,,,,,,,,,,3347340.25
192.9,,,,,,,,,,,,,,,,,,,3347401.75
193,,,,,,,,,,,,,,,,,,,3347464
193.1,,,,,,,,,,,,,,,,,,,3347804.25
193.2,,,,,,,,,,,,,,,,,,,3347928.5
193.3,,,,,,,,,,,,,,,,,,,3348121
193.4,,,,,,,,,,,,,,,,,,,3347910.25
193.5,,,,,,,,,,,,,,,,,,,3348368
193.6,,,,,,,,,,,,,,,,,,,3348739
193.7,,,,,,,,,,,,,,,,,,,3348847.5
193.8,,,,,,,,,,,,,,,,,,,3348996.5
193.9,,,,,,,,,,,,,,,,,,,3349262.5
194,,,,,,,,,,,,,,,,,,,3349074.75
194.1,,,,,,,,,,,,,,,,,,,3349188.5
194.2,,,,,,,,,,,,,,,,,,,3349067.5
194.3,,,,,,,,,,,,,,,,,,,3349311
194.4,,,,,,,,,,,,,,,,,,,3349751.25
194.5,,,,,,,,,,,,,,,,,,,3349395.5
194.6,,,,,,,,,,,,,,,,,,,3349413.5
194.7,,,,,,,,,,,,,,,,,,,3349376.75
194.8,,,,,,,,,,,,,,,,,,,3349340
194.9,,,,,,,,,,,,,,,,,,,3349303.5
195,,,,,,,,,,,,,,,,,,,3349029.75
195.1,,,,,,,,,,,,,,,,,,,3348756
195.2,,,,,,,,,,,,,,,,,,,3348622.25
195.3,,,,,,,,,,,,,,,,,,,3348488.75
195.4,,,,,,,,,,,,,,,,,,,3348433.75
195.5,,,,,,,,,,,,,,,,,,,3348234.75
195.6,,,,,,,,,,,,,,,,,,,3348051.25
195.7,,,,,,,,,,,,,,,,,,,3347930.5
195.8,,,,,,,,,,,,,,,,,,,3347591.75
195.9,,,,,,,,,,,,,,,,,,,3347336.75
196,,,,,,,,,,,,,,,,,,,3347105
196.1,,,,,,,,,,,,,,,,,,,3346952
196.2,,,,,,,,,,,,,,,,,,,3346483
196.3,,,,,,,,,,,,,,,,,,,3346026.75
196.4,,,,,,,,,,,,,,,,,,,3346081
196.5,,,,,,,,,,,,,,,,,,,3346075.25
196.6,,,,,,,,,,,,,,,,,,,3345843.5
196.7,,,,,,,,,,,,,,,,,,,3346275.25
196.8,,,,,,,,,,,,,,,,,,,3345776.75
196.9,,,,,,,,,,,,,,,,,,,3345382.5
197,,,,,,,,,,,,,,,,,,,3345409.5
197.1,,,,,,,,,,,,,,,,,,,3345166.5
197.2,,,,,,,,,,,,,,,,,,,3345222
197.3,,,,,,,,,,,,,,,,,,,3345023.25
197.4,,,,,,,,,,,,,,,,,,,3345039
197.5,,,,,,,,,,,,,,,,,,,3344725
197.6,,,,,,,,,,,,,,,,,,,3344668.5
197.7,,,,,,,,,,,,,,,,,,,3344493.25
197.8,,,,,,,,,,,,,,,,,,,3344438.5
197.9,,,,,,,,,,,,,,,,,,,3343942.5
198,,,,,,,,,,,,,,,,,,,3344185.5
198.1,,,,,,,,,,,,,,,,,,,3343773.5
198.2,,,,,,,,,,,,,,,,,,,3343738.5
198.3,,,,,,,,,,,,,,,,,,,3343714.5
198.4,,,,,,,,,,,,,,,,,,,3343420.25
198.5,,,,,,,,,,,,,,,,,,,3343444.75
198.6,,,,,,,,,,,,,,,,,,,3343220.5
198.7,,,,,,,,,,,,,,,,,,,3343133.75
198.8,,,,,,,,,,,,,,,,,,,3343410
198.9,,,,,,,,,,,,,,,,,,,3343039.75
199,,,,,,,,,,,,,,,,,,,3343101.5
199.1,,,,,,,,,,,,,,,,,,,3343494
199.2,,,,,,,,,,,,,,,,,,,3343463.5
199.3,,,,,,,,,,,,,,,,,,,3343675.75
199.4,,,,,,,,,,,,,,,,,,,3343764
199.5,,,,,,,,,,,,,,,,,,,3343534
199.6,,,,,,,,,,,,,,,,,,,3343768
199.7,,,,,,,,,,,,,,,,,,,3344040
199.8,,,,,,,,,,,,,,,,,,,3344118
199.9,,,,,,,,,,,,,,,,,,,3344228
200,,,,,,,,,,,,,,,,,,,3344063.5
200.1,,,,,,,,,,,,,,,,,,,3344357
200.2,,,,,,,,,,,,,,,,,,,3344614
200.3,,,,,,,,,,,,,,,,,,,3344486
200.4,,,,,,,,,,,,,,,,,,,3344756.25
200.5,,,,,,,,,,,,,,,,,,,3345033.25
200.6,,,,,,,,,,,,,,,,,,,3345090
200.7,,,,,,,,,,,,,,,,,,,3345490.25
200.8,,,,,,,,,,,,,,,,,,,3345909
200.9,,,,,,,,,,,,,,,,,,,3346063
201,,,,,,,,,,,,,,,,,,,3346349.25
201.1,,,,,,,,,,,,,,,,,,,3346431.5
201.2,,,,,,,,,,,,,,,,,,,3346513.75
201.3,,,,,,,,,,,,,,,,,,,3346584.5
201.4,,,,,,,,,,,,,,,,,,,3346802.25
201.5,,,,,,,,,,,,,,,,,,,3347162
201.6,,,,,,,,,,,,,,,,,,,3347450.5
201.7,,,,,,,,,,,,,,,,,,,3347453.75
201.8,,,,,,,,,,,,,,,,,,,3347401.25
201.9,,,,,,,,,,,,,,,,,,,3347830.75
202,,,,,,,,,,,,,,,,,,,3348001.25
202.1,,,,,,,,,,,,,,,,,,,3347855.75
202.2,,,,,,,,,,,,,,,,,,,3348119.75
202.3,,,,,,,,,,,,,,,,,,,3348041.25
202.4,,,,,,,,,,,,,,,,,,,3348019.25
202.5,,,,,,,,,,,,,,,,,,,3347990.75
202.6,,,,,,,,,,,,,,,,,,,3348297
202.7,,,,,,,,,,,,,,,,,,,3348083.5
202.8,,,,,,,,,,,,,,,,,,,3348281.5
202.9,,,,,,,,,,,,,,,,,,,3348277.75
203,,,,,,,,,,,,,,,,,,,3348014.25
203.1,,,,,,,,,,,,,,,,,,,3347992.75
203.2,,,,,,,,,,,,,,,,,,,3348021.75
203.3,,,,,,,,,,,,,,,,,,,3347634.25
203.4,,,,,,,,,,,,,,,,,,,3347579.75
203.5,,,,,,,,,,,,,,,,,,,3347582.25
203.6,,,,,,,,,,,,,,,,,,,3347603.25
203.7,,,,,,,,,,,,,,,,,,,3347494.25
203.8,,,,,,,,,,,,,,,,,,,3347385.25
203.9,,,,,,,,,,,,,,,,,,,3347219.25
204,,,,,,,,,,,,,,,,,,,3347053.5
204.1,,,,,,,,,,,,,,,,,,,3346980.25
204.2,,,,,,,,,,,,,,,,,,,3346907
204.3,,,,,,,,,,,,,,,,,,,3439338.25
204.4,,,,,,,,,,,,,,,,,,,3439394.25
204.5,,,,,,,,,,,,,,,,,,,3439602.25
204.6,,,,,,,,,,,,,,,,,,,3439592.75
204.7,,,,,,,,,,,,,,,,,,,3439691.25
204.8,,,,,,,,,,,,,,,,,,,3439947
204.9,,,,,,,,,,,,,,,,,,,3439810.75
205,,,,,,,,,,,,,,,,,,,3439795.25
205.1,,,,,,,,,,,,,,,,,,,3439246
205.2,,,,,,,,,,,,,,,,,,,3438936.25
205.3,,,,,,,,,,,,,,,,,,,3438755.5
205.4,,,,,,,,,,,,,,,,,,,3438597.75
205.5,,,,,,,,,,,,,,,,,,,3438381.75
205.6,,,,,,,,,,,,,,,,,,,3438678
205.7,,,,,,,,,,,,,,,,,,,3439019.75
205.8,,,,,,,,,,,,,,,,,,,3439000
205.9,,,,,,,,,,,,,,,,,,,3438764
206,,,,,,,,,,,,,,,,,,,3438888.25
206.1,,,,,,,,,,,,,,,,,,,3438734.75
206.2,,,,,,,,,,,,,,,,,,,3438451.5
206.3,,,,,,,,,,,,,,,,,,,3438295.25
206.4,,,,,,,,,,,,,,,,,,,3438221
206.5,,,,,,,,,,,,,,,,,,,3438009.75
206.6,,,,,,,,,,,,,,,,,,,3437867.25
206.7,,,,,,,,,,,,,,,,,,,3437761
206.8,,,,,,,,,,,,,,,,,,,3437692
206.9,,,,,,,,,,,,,,,,,,,3437499
207,,,,,,,,,,,,,,,,,,,3437436.25
207.1,,,,,,,,,,,,,,,,,,,3437537
207.2,,,,,,,,,,,,,,,,,,,3437104.75
207.3,,,,,,,,,,,,,,,,,,,3437079.5
207.4,,,,,,,,,,,,,,,,,,,3436810.5
207.5,,,,,,,,,,,,,,,,,,,3436904.25
207.6,,,,,,,,,,,,,,,,,,,3437027.75
207.7,,,,,,,,,,,,,,,,,,,3437068.5
207.8,,,,,,,,,,,,,,,,,,,3436964.25
207.9,,,,,,,,,,,,,,,,,,,3436860.25
208,,,,,,,,,,,,,,,,,,,3437196.75
208.1,,,,,,,,,,,,,,,,,,,3436916.25
208.2,,,,,,,,,,,,,,,,,,,3436987
208.3,,,,,,,,,,,,,,,,,,,3436788
208.4,,,,,,,,,,,,,,,,,,,3436745.75
208.5,,,,,,,,,,,,,,,,,,,3436783.25
208.6,,,,,,,,,,,,,,,,,,,3436770.5
208.7,,,,,,,,,,,,,,,,,,,3436854.25
208.8,,,,,,,,,,,,,,,,,,,3436895
208.9,,,,,,,,,,,,,,,,,,,3436920.75
209,,,,,,,,,,,,,,,,,,,3437113.25
209.1,,,,,,,,,,,,,,,,,,,3436871.25
209.2,,,,,,,,,,,,,,,,,,,3436843.25
209.3,,,,,,,,,,,,,,,,,,,3436983
209.4,,,,,,,,,,,,,,,,,,,3436909.25
209.5,,,,,,,,,,,,,,,,,,,3436997.5
209.6,,,,,,,,,,,,,,,,,,,3436950.75
209.7,,,,,,,,,,,,,,,,,,,3437027
209.8,,,,,,,,,,,,,,,,,,,3437091.75
209.9,,,,,,,,,,,,,,,,,,,3437089.25
210,,,,,,,,,,,,,,,,,,,3437379.75
210.1,,,,,,,,,,,,,,,,,,,3437220
210.2,,,,,,,,,,,,,,,,,,,3436732
210.3,,,,,,,,,,,,,,,,,,,3437093.75
210.4,,,,,,,,,,,,,,,,,,,3437287.25
210.5,,,,,,,,,,,,,,,,,,,3437489.75
210.6,,,,,,,,,,,,,,,,,,,3437564.25
210.7,,,,,,,,,,,,,,,,,,,3437933
210.8,,,,,,,,,,,,,,,,,,,3437927.75
210.9,,,,,,,,,,,,,,,,,,,3437842.5
211,,,,,,,,,,,,,,,,,,,3437723.25
211.1,,,,,,,,,,,,,,,,,,,3437790.75
211.2,,,,,,,,,,,,,,,,,,,3438135.25
211.3,,,,,,,,,,,,,,,,,,,3437941.25
211.4,,,,,,,,,,,,,,,,,,,3438176
211.5,,,,,,,,,,,,,,,,,,,3438202.75
211.6,,,,,,,,,,,,,,,,,,,3438274.75
211.7,,,,,,,,,,,,,,,,,,,3438474.5
211.8,,,,,,,,,,,,,,,,,,,3438351
211.9,,,,,,,,,,,,,,,,,,,3438427.25
212,,,,,,,,,,,,,,,,,,,3438419.5
212.1,,,,,,,,,,,,,,,,,,,3438807.25
212.2,,,,,,,,,,,,,,,,,,,3438808.5
212.3,,,,,,,,,,,,,,,,,,,3438782
212.4,,,,,,,,,,,,,,,,,,,3438584
212.5,,,,,,,,,,,,,,,,,,,3438659.5
212.6,,,,,,,,,,,,,,,,,,,3438735.25
212.7,,,,,,,,,,,,,,,,,,,3439042.75
212.8,,,,,,,,,,,,,,,,,,,3439350.5
212.9,,,,,,,,,,,,,,,,,,,3439121.25
213,,,,,,,,,,,,,,,,,,,3438892
213.1,,,,,,,,,,,,,,,,,,,3521400.5
213.2,,,,,,,,,,,,,,,,,,,3521706.5
213.3,,,,,,,,,,,,,,,,,,,3521842.25
213.4,,,,,,,,,,,,,,,,,,,3522003.25
213.5,,,,,,,,,,,,,,,,,,,3522004
213.6,,,,,,,,,,,,,,,,,,,3521984
213.7,,,,,,,,,,,,,,,,,,,3522004.75
213.8,,,,,,,,,,,,,,,,,,,3521980.75
213.9,,,,,,,,,,,,,,,,,,,3522070.75
214,,,,,,,,,,,,,,,,,,,3522170.75
214.1,,,,,,,,,,,,,,,,,,,3521807.25
214.2,,,,,,,,,,,,,,,,,,,3521680.5
214.3,,,,,,,,,,,,,,,,,,,3521675.5
214.4,,,,,,,,,,,,,,,,,,,3521511
214.5,,,,,,,,,,,,,,,,,,,3521768.25
214.6,,,,,,,,,,,,,,,,,,,3521525.5
214.7,,,,,,,,,,,,,,,,,,,3521459.75
214.8,,,,,,,,,,,,,,,,,,,3521419.25
214.9,,,,,,,,,,,,,,,,,,,3521097.25
215,,,,,,,,,,,,,,,,,,,3521164
215.1,,,,,,,,,,,,,,,,,,,3521254.25
215.2,,,,,,,,,,,,,,,,,,,3521275
215.3,,,,,,,,,,,,,,,,,,,3521193.25
215.4,,,,,,,,,,,,,,,,,,,3521287.75
215.5,,,,,,,,,,,,,,,,,,,3521311.75
215.6,,,,,,,,,,,,,,,,,,,3521347.25
215.7,,,,,,,,,,,,,,,,,,,3521364.25
215.8,,,,,,,,,,,,,,,,,,,3521126.5
215.9,,,,,,,,,,,,,,,,,,,3521426.75
216,,,,,,,,,,,,,,,,,,,3521502.5
216.1,,,,,,,,,,,,,,,,,,,3521570.75
216.2,,,,,,,,,,,,,,,,,,,3521466
216.3,,,,,,,,,,,,,,,,,,,3521340.75
216.4,,,,,,,,,,,,,,,,,,,3521649.5
216.5,,,,,,,,,,,,,,,,,,,3521713.5
216.6,,,,,,,,,,,,,,,,,,,3521544.25
216.7,,,,,,,,,,,,,,,,,,,3521384.75
216.8,,,,,,,,,,,,,,,,,,,3521272.5
216.9,,,,,,,,,,,,,,,,,,,3521328
217,,,,,,,,,,,,,,,,,,,3521365.75
217.1,,,,,,,,,,,,,,,,,,,3521288
217.2,,,,,,,,,,,,,,,,,,,3521314.75
217.3,,,,,,,,,,,,,,,,,,,3521199.5
217.4,,,,,,,,,,,,,,,,,,,3521506.5
217.5,,,,,,,,,,,,,,,,,,,3521532.5
217.6,,,,,,,,,,,,,,,,,,,3521649
217.7,,,,,,,,,,,,,,,,,,,3521424.5
217.8,,,,,,,,,,,,,,,,,,,3521843.75
217.9,,,,,,,,,,,,,,,,,,,3521623.5
218,,,,,,,,,,,,,,,,,,,3521852.5
218.1,,,,,,,,,,,,,,,,,,,3521731.75
218.2,,,,,,,,,,,,,,,,,,,3521632.5
218.3,,,,,,,,,,,,,,,,,,,3521872.25
218.4,,,,,,,,,,,,,,,,,,,3521750.25
218.5,,,,,,,,,,,,,,,,,,,3521660.5
218.6,,,,,,,,,,,,,,,,,,,3521599.5
218.7,,,,,,,,,,,,,,,,,,,3521608
218.8,,,,,,,,,,,,,,,,,,,3521797.75
218.9,,,,,,,,,,,,,,,,,,,3521890.25
219,,,,,,,,,,,,,,,,,,,3521874.5
219.1,,,,,,,,,,,,,,,,,,,3521868.75
219.2,,,,,,,,,,,,,,,,,,,3521678.75
219.3,,,,,,,,,,,,,,,,,,,3521997
219.4,,,,,,,,,,,,,,,,,,,3521706
219.5,,,,,,,,,,,,,,,,,,,3521862.75
219.6,,,,,,,,,,,,,,,,,,,3522037.75
219.7,,,,,,,,,,,,,,,,,,,3521906
219.8,,,,,,,,,,,,,,,,,,,3521774.25
219.9,,,,,,,,,,,,,,,,,,,3521642.25
220,,,,,,,,,,,,,,,,,,,3521706.75
220.1,,,,,,,,,,,,,,,,,,,3521771.25
220.2,,,,,,,,,,,,,,,,,,,3521799
220.3,,,,,,,,,,,,,,,,,,,3521826.75
220.4,,,,,,,,,,,,,,,,,,,3595375.25
220.5,,,,,,,,,,,,,,,,,,,3596404.5
220.6,,,,,,,,,,,,,,,,,,,3596185.5
220.7,,,,,,,,,,,,,,,,,,,3596240.5
220.8,,,,,,,,,,,,,,,,,,,3596235.5
220.9,,,,,,,,,,,,,,,,,,,3596081
221,,,,,,,,,,,,,,,,,,,3595849.25
221.1,,,,,,,,,,,,,,,,,,,3595993.5
221.2,,,,,,,,,,,,,,,,,,,3595604
221.3,,,,,,,,,,,,,,,,,,,3595651.25
221.4,,,,,,,,,,,,,,,,,,,3595799
221.5,,,,,,,,,,,,,,,,,,,3595796.5
221.6,,,,,,,,,,,,,,,,,,,3595846
221.7,,,,,,,,,,,,,,,,,,,3596125.5
221.8,,,,,,,,,,,,,,,,,,,3596040.25
221.9,,,,,,,,,,,,,,,,,,,3596047.5
222,,,,,,,,,,,,,,,,,,,3596088.75
222.1,,,,,,,,,,,,,,,,,,,3596119.5
222.2,,,,,,,,,,,,,,,,,,,3595993.75
222.3,,,,,,,,,,,,,,,,,,,3596277.5
222.4,,,,,,,,,,,,,,,,,,,3595976.75
222.5,,,,,,,,,,,,,,,,,,,3596019.75
222.6,,,,,,,,,,,,,,,,,,,3596029.5
222.7,,,,,,,,,,,,,,,,,,,3596243.75
222.8,,,,,,,,,,,,,,,,,,,3596382.25
222.9,,,,,,,,,,,,,,,,,,,3596507
223,,,,,,,,,,,,,,,,,,,3596238.25
223.1,,,,,,,,,,,,,,,,,,,3596240.25
223.2,,,,,,,,,,,,,,,,,,,3596174
223.3,,,,,,,,,,,,,,,,,,,3596370.5
223.4,,,,,,,,,,,,,,,,,,,3596273.25
223.5,,,,,,,,,,,,,,,,,,,3596175.75
223.6,,,,,,,,,,,,,,,,,,,3596347.75
223.7,,,,,,,,,,,,,,,,,,,3596464.75
223.8,,,,,,,,,,,,,,,,,,,3596564.75
223.9,,,,,,,,,,,,,,,,,,,3596540
224,,,,,,,,,,,,,,,,,,,3596465.75
224.1,,,,,,,,,,,,,,,,,,,3596587.5
224.2,,,,,,,,,,,,,,,,,,,3596325.25
224.3,,,,,,,,,,,,,,,,,,,3596872
224.4,,,,,,,,,,,,,,,,,,,3596749
224.5,,,,,,,,,,,,,,,,,,,3597021.25
224.6,,,,,,,,,,,,,,,,,,,3596768.75
224.7,,,,,,,,,,,,,,,,,,,3596831.25
224.8,,,,,,,,,,,,,,,,,,,3596641.5
224.9,,,,,,,,,,,,,,,,,,,3596819.75
225,,,,,,,,,,,,,,,,,,,3596719.5
225.1,,,,,,,,,,,,,,,,,,,3596768
225.2,,,,,,,,,,,,,,,,,,,3596631
225.3,,,,,,,,,,,,,,,,,,,3596705.5
225.4,,,,,,,,,,,,,,,,,,,3596666.5
225.5,,,,,,,,,,,,,,,,,,,3596605
225.6,,,,,,,,,,,,,,,,,,,3596415.5
225.7,,,,,,,,,,,,,,,,,,,3596408.5
225.8,,,,,,,,,,,,,,,,,,,3596612.5
225.9,,,,,,,,,,,,,,,,,,,3596623
226,,,,,,,,,,,,,,,,,,,3596534.5
226.1,,,,,,,,,,,,,,,,,,,3596490.75
226.2,,,,,,,,,,,,,,,,,,,3596504.75
226.3,,,,,,,,,,,,,,,,,,,3596507.25
226.4,,,,,,,,,,,,,,,,,,,3596554
226.5,,,,,,,,,,,,,,,,,,,3596540.5
226.6,,,,,,,,,,,,,,,,,,,3596638.25
226.7,,,,,,,,,,,,,,,,,,,3596665
226.8,,,,,,,,,,,,,,,,,,,3596559.5
226.9,,,,,,,,,,,,,,,,,,,3596925.75
227,,,,,,,,,,,,,,,,,,,3596888.75
227.1,,,,,,,,,,,,,,,,,,,3596986.75
227.2,,,,,,,,,,,,,,,,,,,3596984
227.3,,,,,,,,,,,,,,,,,,,3596994.25
227.4,,,,,,,,,,,,,,,,,,,3597170.5
227.5,,,,,,,,,,,,,,,,,,,3596898.5
227.6,,,,,,,,,,,,,,,,,,,3597434.5
227.7,,,,,,,,,,,,,,,,,,,3597099
227.8,,,,,,,,,,,,,,,,,,,3597056.75
227.9,,,,,,,,,,,,,,,,,,,3597014.75
228,,,,,,,,,,,,,,,,,,,3597207
228.1,,,,,,,,,,,,,,,,,,,3597399.5
228.2,,,,,,,,,,,,,,,,,,,3597439.75
228.3,,,,,,,,,,,,,,,,,,,3597480
228.4,,,,,,,,,,,,,,,,,,,3664604.5
228.5,,,,,,,,,,,,,,,,,,,3664956
228.6,,,,,,,,,,,,,,,,,,,3664852
228.7,,,,,,,,,,,,,,,,,,,3664752.25
228.8,,,,,,,,,,,,,,,,,,,3664727.25
228.9,,,,,,,,,,,,,,,,,,,3664650.75
229,,,,,,,,,,,,,,,,,,,3664961
229.1,,,,,,,,,,,,,,,,,,,3664645.25
229.2,,,,,,,,,,,,,,,,,,,3664674.25
229.3,,,,,,,,,,,,,,,,,,,3664328.5
229.4,,,,,,,,,,,,,,,,,,,3664468.5
229.5,,,,,,,,,,,,,,,,,,,3664588.25
229.6,,,,,,,,,,,,,,,,,,,3664770
229.7,,,,,,,,,,,,,,,,,,,3664534.25
229.8,,,,,,,,,,,,,,,,,,,3664784.5
229.9,,,,,,,,,,,,,,,,,,,3664557
230,,,,,,,,,,,,,,,,,,,3664165
230.1,,,,,,,,,,,,,,,,,,,3664295.75
230.2,,,,,,,,,,,,,,,,,,,3664502
230.3,,,,,,,,,,,,,,,,,,,3664136.25
230.4,,,,,,,,,,,,,,,,,,,3664206.25
230.5,,,,,,,,,,,,,,,,,,,3663827
230.6,,,,,,,,,,,,,,,,,,,3663870
230.7,,,,,,,,,,,,,,,,,,,3663832
230.8,,,,,,,,,,,,,,,,,,,3664009.25
230.9,,,,,,,,,,,,,,,,,,,3663929.25
231,,,,,,,,,,,,,,,,,,,3663907.25
231.1,,,,,,,,,,,,,,,,,,,3663840.75
231.2,,,,,,,,,,,,,,,,,,,3664077.5
231.3,,,,,,,,,,,,,,,,,,,3664113.75
231.4,,,,,,,,,,,,,,,,,,,3664209
231.5,,,,,,,,,,,,,,,,,,,3664148.5
231.6,,,,,,,,,,,,,,,,,,,3664149.75
231.7,,,,,,,,,,,,,,,,,,,3664066
231.8,,,,,,,,,,,,,,,,,,,3663840.75
231.9,,,,,,,,,,,,,,,,,,,3664192.75
232,,,,,,,,,,,,,,,,,,,3664675.5
232.1,,,,,,,,,,,,,,,,,,,3664723
232.2,,,,,,,,,,,,,,,,,,,3664788.5
232.3,,,,,,,,,,,,,,,,,,,3664599
232.4,,,,,,,,,,,,,,,,,,,3664119.75
232.5,,,,,,,,,,,,,,,,,,,3664424.25
232.6,,,,,,,,,,,,,,,,,,,3664025.25
232.7,,,,,,,,,,,,,,,,,,,3663746.25
232.8,,,,,,,,,,,,,,,,,,,3664352.75
232.9,,,,,,,,,,,,,,,,,,,3664866.25
233,,,,,,,,,,,,,,,,,,,3665175.75
233.1,,,,,,,,,,,,,,,,,,,3664896.5
233.2,,,,,,,,,,,,,,,,,,,3665185.25
233.3,,,,,,,,,,,,,,,,,,,3665258.75
233.4,,,,,,,,,,,,,,,,,,,3665519.5
233.5,,,,,,,,,,,,,,,,,,,3665563
233.6,,,,,,,,,,,,,,,,,,,3665674
233.7,,,,,,,,,,,,,,,,,,,3665701
233.8,,,,,,,,,,,,,,,,,,,3665737.25
233.9,,,,,,,,,,,,,,,,,,,3666093
234,,,,,,,,,,,,,,,,,,,3665843.25
234.1,,,,,,,,,,,,,,,,,,,3665938.25
234.2,,,,,,,,,,,,,,,,,,,3665680.75
234.3,,,,,,,,,,,,,,,,,,,3665987.5
234.4,,,,,,,,,,,,,,,,,,,3666129.5
234.5,,,,,,,,,,,,,,,,,,,3665799
234.6,,,,,,,,,,,,,,,,,,,3666168.5
234.7,,,,,,,,,,,,,,,,,,,3666059.5
234.8,,,,,,,,,,,,,,,,,,,3666176.75
234.9,,,,,,,,,,,,,,,,,,,3666065.25
235,,,,,,,,,,,,,,,,,,,3665953.75
235.1,,,,,,,,,,,,,,,,,,,3666030.25
235.2,,,,,,,,,,,,,,,,,,,3665860.25
235.3,,,,,,,,,,,,,,,,,,,3665945.25
235.4,,,,,,,,,,,,,,,,,,,3665837.25
235.5,,,,,,,,,,,,,,,,,,,3665992.75
235.6,,,,,,,,,,,,,,,,,,,3665651.75
235.7,,,,,,,,,,,,,,,,,,,3665551
235.8,,,,,,,,,,,,,,,,,,,3665457.75
235.9,,,,,,,,,,,,,,,,,,,3665787.5
236,,,,,,,,,,,,,,,,,,,3665584.75
236.1,,,,,,,,,,,,,,,,,,,3665659.25
236.2,,,,,,,,,,,,,,,,,,,3665733.5
236.3,,,,,,,,,,,,,,,,,,,3665808
236.4,,,,,,,,,,,,,,,,,,,3665648.75
236.5,,,,,,,,,,,,,,,,,,,3665489.5
236.6,,,,,,,,,,,,,,,,,,,3665537.75
236.7,,,,,,,,,,,,,,,,,,,3665586
236.8,,,,,,,,,,,,,,,,,,,3728006.75
236.9,,,,,,,,,,,,,,,,,,,3728656.5
237,,,,,,,,,,,,,,,,,,,3728391.75
237.1,,,,,,,,,,,,,,,,,,,3728603.25
237.2,,,,,,,,,,,,,,,,,,,3728713
237.3,,,,,,,,,,,,,,,,,,,3728483.25
237.4,,,,,,,,,,,,,,,,,,,3729051.75
237.5,,,,,,,,,,,,,,,,,,,3728965
237.6,,,,,,,,,,,,,,,,,,,3728894.25
237.7,,,,,,,,,,,,,,,,,,,3728604.5
237.8,,,,,,,,,,,,,,,,,,,3728374.25
237.9,,,,,,,,,,,,,,,,,,,3728214.25
238,,,,,,,,,,,,,,,,,,,3729012.75
238.1,,,,,,,,,,,,,,,,,,,3729351.25
238.2,,,,,,,,,,,,,,,,,,,3729186.75
238.3,,,,,,,,,,,,,,,,,,,3728904
238.4,,,,,,,,,,,,,,,,,,,3729056.25
238.5,,,,,,,,,,,,,,,,,,,3728847.75
238.6,,,,,,,,,,,,,,,,,,,3728762
238.7,,,,,,,,,,,,,,,,,,,3728732.75
238.8,,,,,,,,,,,,,,,,,,,3728800.5
238.9,,,,,,,,,,,,,,,,,,,3728458.25
239,,,,,,,,,,,,,,,,,,,3728903.5
239.1,,,,,,,,,,,,,,,,,,,3729012.75
239.2,,,,,,,,,,,,,,,,,,,3728801.5
239.3,,,,,,,,,,,,,,,,,,,3728910.25
239.4,,,,,,,,,,,,,,,,,,,3729211.75
239.5,,,,,,,,,,,,,,,,,,,3729704.25
239.6,,,,,,,,,,,,,,,,,,,3729282.25
239.7,,,,,,,,,,,,,,,,,,,3729196
239.8,,,,,,,,,,,,,,,,,,,3729201
239.9,,,,,,,,,,,,,,,,,,,3729741.75
240,,,,,,,,,,,,,,,,,,,3729889.5
240.1,,,,,,,,,,,,,,,,,,,3729322.75
240.2,,,,,,,,,,,,,,,,,,,3729469
240.3,,,,,,,,,,,,,,,,,,,3729955.25
240.4,,,,,,,,,,,,,,,,,,,3730175.75
240.5,,,,,,,,,,,,,,,,,,,3730002.25
240.6,,,,,,,,,,,,,,,,,,,3730121.75
240.7,,,,,,,,,,,,,,,,,,,3730252
240.8,,,,,,,,,,,,,,,,,,,3730468
240.9,,,,,,,,,,,,,,,,,,,3730349.5
241,,,,,,,,,,,,,,,,,,,3730750
241.1,,,,,,,,,,,,,,,,,,,3730322.5
241.2,,,,,,,,,,,,,,,,,,,3730426.5
241.3,,,,,,,,,,,,,,,,,,,3730573.75
241.4,,,,,,,,,,,,,,,,,,,3730403.5
241.5,,,,,,,,,,,,,,,,,,,3730536.75
241.6,,,,,,,,,,,,,,,,,,,3730463.25
241.7,,,,,,,,,,,,,,,,,,,3730109.75
241.8,,,,,,,,,,,,,,,,,,,3730006.75
241.9,,,,,,,,,,,,,,,,,,,3729996.5
242,,,,,,,,,,,,,,,,,,,3730293.75
242.1,,,,,,,,,,,,,,,,,,,3730308
242.2,,,,,,,,,,,,,,,,,,,3730470.75
242.3,,,,,,,,,,,,,,,,,,,3730103.75
242.4,,,,,,,,,,,,,,,,,,,3729533.5
242.5,,,,,,,,,,,,,,,,,,,3729265.75
242.6,,,,,,,,,,,,,,,,,,,3729480.5
242.7,,,,,,,,,,,,,,,,,,,3729590.5
242.8,,,,,,,,,,,,,,,,,,,3729719.5
242.9,,,,,,,,,,,,,,,,,,,3729561.25
243,,,,,,,,,,,,,,,,,,,3729596.5
243.1,,,,,,,,,,,,,,,,,,,3729426
243.2,,,,,,,,,,,,,,,,,,,3729384.25
243.3,,,,,,,,,,,,,,,,,,,3729227.75
243.4,,,,,,,,,,,,,,,,,,,3729124.25
243.5,,,,,,,,,,,,,,,,,,,3728940
243.6,,,,,,,,,,,,,,,,,,,3728953
243.7,,,,,,,,,,,,,,,,,,,3728834.75
243.8,,,,,,,,,,,,,,,,,,,3728716.25
243.9,,,,,,,,,,,,,,,,,,,3728598
244,,,,,,,,,,,,,,,,,,,3728507.75
244.1,,,,,,,,,,,,,,,,,,,3728417.5
244.2,,,,,,,,,,,,,,,,,,,3728460.25
244.3,,,,,,,,,,,,,,,,,,,3728502.75
244.4,,,,,,,,,,,,,,,,,,,3728387.25
244.5,,,,,,,,,,,,,,,,,,,3782540.5
244.6,,,,,,,,,,,,,,,,,,,3782743.75
244.7,,,,,,,,,,,,,,,,,,,3782540.5
244.8,,,,,,,,,,,,,,,,,,,3782443.25
244.9,,,,,,,,,,,,,,,,,,,3782477.5
245,,,,,,,,,,,,,,,,,,,3782347
245.1,,,,,,,,,,,,,,,,,,,3782365
245.2,,,,,,,,,,,,,,,,,,,3782074.5
245.3,,,,,,,,,,,,,,,,,,,3782035
245.4,,,,,,,,,,,,,,,,,,,3782019.25
245.5,,,,,,,,,,,,,,,,,,,3782047.75
245.6,,,,,,,,,,,,,,,,,,,3782385.5
245.7,,,,,,,,,,,,,,,,,,,3782013
245.8,,,,,,,,,,,,,,,,,,,3782085
245.9,,,,,,,,,,,,,,,,,,,3782362
246,,,,,,,,,,,,,,,,,,,3782505.5
246.1,,,,,,,,,,,,,,,,,,,3782280.5
246.2,,,,,,,,,,,,,,,,,,,3781611.75
246.3,,,,,,,,,,,,,,,,,,,3781490.25
246.4,,,,,,,,,,,,,,,,,,,3781770.25
246.5,,,,,,,,,,,,,,,,,,,3781529.25
246.6,,,,,,,,,,,,,,,,,,,3781689
246.7,,,,,,,,,,,,,,,,,,,3781678.25
246.8,,,,,,,,,,,,,,,,,,,3782098.5
246.9,,,,,,,,,,,,,,,,,,,3782257
247,,,,,,,,,,,,,,,,,,,3782380.25
247.1,,,,,,,,,,,,,,,,,,,3782119.75
247.2,,,,,,,,,,,,,,,,,,,3782215.5
247.3,,,,,,,,,,,,,,,,,,,3782278.25
247.4,,,,,,,,,,,,,,,,,,,3782550
247.5,,,,,,,,,,,,,,,,,,,3782727.25
247.6,,,,,,,,,,,,,,,,,,,3783028.75
247.7,,,,,,,,,,,,,,,,,,,3782941.25
247.8,,,,,,,,,,,,,,,,,,,3783247
247.9,,,,,,,,,,,,,,,,,,,3783299.5
248,,,,,,,,,,,,,,,,,,,3783499
248.1,,,,,,,,,,,,,,,,,,,3783627.25
248.2,,,,,,,,,,,,,,,,,,,3783805.5
248.3,,,,,,,,,,,,,,,,,,,3784127.75
248.4,,,,,,,,,,,,,,,,,,,3784359
248.5,,,,,,,,,,,,,,,,,,,3784675
248.6,,,,,,,,,,,,,,,,,,,3784924
248.7,,,,,,,,,,,,,,,,,,,3785050.25
248.8,,,,,,,,,,,,,,,,,,,3784820
248.9,,,,,,,,,,,,,,,,,,,3785085.75
249,,,,,,,,,,,,,,,,,,,3784702.5
249.1,,,,,,,,,,,,,,,,,,,3784962.75
249.2,,,,,,,,,,,,,,,,,,,3785203.25
249.3,,,,,,,,,,,,,,,,,,,3785390
249.4,,,,,,,,,,,,,,,,,,,3785166.5
249.5,,,,,,,,,,,,,,,,,,,3785345
249.6,,,,,,,,,,,,,,,,,,,3785499
249.7,,,,,,,,,,,,,,,,,,,3785273.5
249.8,,,,,,,,,,,,,,,,,,,3785305.5
249.9,,,,,,,,,,,,,,,,,,,3785299.25
250,,,,,,,,,,,,,,,,,,,3785330.25
250.1,,,,,,,,,,,,,,,,,,,3784985.25
250.2,,,,,,,,,,,,,,,,,,,3784876
250.3,,,,,,,,,,,,,,,,,,,3785011.25
250.4,,,,,,,,,,,,,,,,,,,3784877.5
250.5,,,,,,,,,,,,,,,,,,,3784943.5
250.6,,,,,,,,,,,,,,,,,,,3784931
250.7,,,,,,,,,,,,,,,,,,,3784753.25
250.8,,,,,,,,,,,,,,,,,,,3784761
